X,Y,OBJECTID,NCESSCH,SURVYEAR,STABR,LEAID,ST_LEAID,county,school_name,LSTREET1,LSTREET2,city,state,LZIP,LZIP4,PHONE,VIRTUAL,GSLO,GSHI,SCHOOL_LEVEL,STATUS,SCHOOL_TYPE_TEXT,SY_STATUS_TEXT,ULOCALE,NMCNTY,CNTY,TOTFRL,FRELCH,REDLCH,DIRECTCERT,PK,KG,G01,G02,G03,G04,G05,G06,G07,G08,G09,G10,G11,G12,G13,UG,AE,TOTMENROL,TOTFENROL,TOTAL,MEMBER,FTE,STUTERATIO,AMALM,AMALF,AM,ASALM,ASALF,AS_,BLALM,BLALF,BL,HPALM,HPALF,HP,HIALM,HIALF,HI,TRALM,TRALF,TR,WHALM,WHALF,WH,lat,lon,school_type,PPIN,STREET,ZIP,STFIP,LOCALE,CBSA,NMCBSA,CBSATYPE,CSA,NMCSA,CD,SLDL,SLDU,SCHOOLYEAR
-84.0894,33.9994,23877,130022704031.0,2022-2023,GA,1300227.0,GA-7820412,State Charter Schools- Georgia Connections Academy,Georgia Connections Academy,2763 Meadow Church Rd Ste 208,,Duluth,GA,30097.0,    ,(678)825-3258,Full Virtual,KG,12,Other,1.0,Regular School,Currently operational ,21-Suburb: Large,Gwinnett County,13135,2523.0,1974.0,549.0,1144.0,,229.0,187.0,188.0,188.0,203.0,276.0,510.0,691.0,911.0,890.0,922.0,655.0,523.0,,,,3071.0,3302.0,6373.0,6373.0,172.699996948242,36.9,24.0,24.0,48.0,84.0,67.0,151.0,1310.0,1318.0,2628.0,12.0,13.0,25.0,137.0,157.0,294.0,261.0,284.0,545.0,1243.0,1439.0,2682.0,33.9994,-84.0894,Charter,,,,,,,,,,,,,,
-84.220627999,33.940232,23892,130024204249.0,2022-2023,GA,1300242.0,GA-7830613,State Charter Schools II- Brookhaven Innovation Academy,Brookhaven Innovation Academy,186 Hunter St,,Norcross,GA,30071.0,    ,(770)538-1550,Not Virtual,KG,08,Elementary,1.0,Regular School,Currently operational ,21-Suburb: Large,Gwinnett County,13135,125.0,100.0,25.0,60.0,,58.0,67.0,84.0,65.0,61.0,52.0,39.0,42.0,33.0,,,,,,,,268.0,233.0,501.0,501.0,37.5,13.36,0.0,0.0,0.0,15.0,7.0,22.0,118.0,94.0,212.0,0.0,0.0,0.0,67.0,67.0,134.0,22.0,27.0,49.0,46.0,38.0,84.0,33.940232,-84.220628,Charter,,,,,,,,,,,,,,
-84.2282480009999,33.969340001,23900,130025004325.0,2022-2023,GA,1300250.0,GA-7830620,State Charter Schools II- International Charter Academy of,International Charter Academy of Georgia,3705 Engineering Dr,,Peachtree Corners,GA,30092.0,    ,(770)604-0007,Not Virtual,KG,05,Elementary,1.0,Regular School,Currently operational ,21-Suburb: Large,Gwinnett County,13135,4.0,4.0,0.0,3.0,,44.0,49.0,24.0,33.0,30.0,20.0,,,,,,,,,,,94.0,106.0,200.0,200.0,15.1999998092651,13.16,0.0,0.0,0.0,38.0,39.0,77.0,9.0,22.0,31.0,2.0,0.0,2.0,12.0,9.0,21.0,21.0,32.0,53.0,12.0,4.0,16.0,33.96934,-84.228248,Charter,,,,,,,,,,,,,,
-84.170745,34.018875,23909,130025704372.0,2022-2023,GA,1300257.0,GA-7830625,State Charter Schools II- Yi Hwang Academy of Language Exce,Yi Hwang Academy of Language Excellence,4550 RiverGreen Parkway - Suit,e 100,Duluth,GA,30096.0,    ,(404)623-0003,Not Virtual,KG,05,Elementary,1.0,Regular School,Currently operational ,21-Suburb: Large,Gwinnett County,13135,21.0,17.0,4.0,3.0,,89.0,59.0,48.0,53.0,31.0,21.0,,,,,,,,,,,152.0,149.0,301.0,301.0,24.6000003814697,12.24,0.0,1.0,1.0,95.0,92.0,187.0,12.0,15.0,27.0,0.0,0.0,0.0,13.0,10.0,23.0,27.0,24.0,51.0,5.0,7.0,12.0,34.018875,-84.170745,Charter,,,,,,,,,,,,,,
-83.989961001,34.1180370000001,24029,130060000274.0,2022-2023,GA,1300600.0,GA-764,Buford City,Buford High School,2455 Buford Hwy,,Buford,GA,30518.0,    ,(770)945-6768,Not Virtual,09,12,High,1.0,Regular School,Currently operational ,21-Suburb: Large,Gwinnett County,13135,552.0,458.0,94.0,171.0,,,,,,,,,,,521.0,483.0,453.0,389.0,,,,974.0,872.0,1846.0,1846.0,106.199996948242,17.38,2.0,1.0,3.0,59.0,65.0,124.0,159.0,97.0,256.0,0.0,0.0,0.0,251.0,245.0,496.0,47.0,40.0,87.0,456.0,424.0,880.0,34.118037,-83.989961,Public,,,,,,,,,,,,,,
-83.9958,34.1348,24030,130060000275.0,2022-2023,GA,1300600.0,GA-764,Buford City,Buford Elementary School,2500 Sawnee Ave,,Buford,GA,30518.0,    ,(770)945-5248,Not Virtual,PK,KG,Elementary,1.0,Regular School,Currently operational ,21-Suburb: Large,Gwinnett County,13135,127.0,108.0,19.0,51.0,12.0,390.0,,,,,,,,,,,,,,,,190.0,212.0,402.0,402.0,31.8999996185303,12.6,0.0,0.0,0.0,19.0,17.0,36.0,19.0,15.0,34.0,0.0,1.0,1.0,51.0,60.0,111.0,11.0,11.0,22.0,90.0,108.0,198.0,34.1348,-83.9958,Public,,,,,,,,,,,,,,
-83.986619,34.132754,24031,130060000276.0,2022-2023,GA,1300600.0,GA-764,Buford City,Buford Middle School,2750 Sawnee Ave,,Buford,GA,30518.0,    ,(770)904-3690,Not Virtual,06,08,Middle,1.0,Regular School,Currently operational ,21-Suburb: Large,Gwinnett County,13135,466.0,405.0,61.0,167.0,,,,,,,,492.0,462.0,472.0,,,,,,,,697.0,729.0,1426.0,1426.0,82.0999984741211,17.37,0.0,0.0,0.0,60.0,56.0,116.0,76.0,72.0,148.0,0.0,0.0,0.0,203.0,206.0,409.0,35.0,41.0,76.0,323.0,354.0,677.0,34.132754,-83.986619,Public,,,,,,,,,,,,,,
-83.9915999999999,34.129600001,24032,130060002345.0,2022-2023,GA,1300600.0,GA-764,Buford City,Buford Academy,2705 Robert Bell Pkwy,,Buford,GA,30518.0,    ,(678)482-6960,Not Virtual,01,03,Elementary,1.0,Regular School,Currently operational ,21-Suburb: Large,Gwinnett County,13135,412.0,346.0,66.0,145.0,,,435.0,429.0,433.0,,,,,,,,,,,,,696.0,601.0,1297.0,1297.0,89.1999969482422,14.54,1.0,2.0,3.0,66.0,58.0,124.0,64.0,58.0,122.0,0.0,0.0,0.0,179.0,157.0,336.0,49.0,37.0,86.0,337.0,289.0,626.0,34.1296,-83.9916,Public,,,,,,,,,,,,,,
-83.991191,34.127643,24033,130060004338.0,2022-2023,GA,1300600.0,GA-764,Buford City,Buford Senior Academy,2700 Robert Bell Pkwy,,Buford,GA,30518.0,    ,(678)546-0414,Not Virtual,04,05,Elementary,1.0,Regular School,Currently operational ,21-Suburb: Large,Gwinnett County,13135,282.0,234.0,48.0,96.0,,,,,,422.0,454.0,,,,,,,,,,,456.0,420.0,876.0,876.0,49.4000015258789,17.73,0.0,0.0,0.0,50.0,33.0,83.0,51.0,45.0,96.0,0.0,0.0,0.0,118.0,107.0,225.0,18.0,24.0,42.0,219.0,211.0,430.0,34.127643,-83.991191,Public,,,,,,,,,,,,,,
-84.0228999999999,34.0178000010001,25096,130255000046.0,2022-2023,GA,1302550.0,GA-667,Gwinnett County,Walnut Grove Elementary School,75 Taylor Rd,,Suwanee,GA,30024.0,    ,(770)513-6892,Not Virtual,PK,05,Elementary,1.0,Regular School,Currently operational ,21-Suburb: Large,Gwinnett County,13135,363.0,292.0,71.0,54.0,36.0,102.0,129.0,122.0,115.0,130.0,117.0,,,,,,,,,,,379.0,372.0,751.0,751.0,60.7999992370605,12.35,0.0,0.0,0.0,45.0,53.0,98.0,100.0,89.0,189.0,1.0,0.0,1.0,106.0,124.0,230.0,26.0,24.0,50.0,101.0,82.0,183.0,34.0178,-84.0229,Public,,,,,,,,,,,,,,
-84.0182,33.9025,25097,130255000272.0,2022-2023,GA,1302550.0,GA-667,Gwinnett County,Craig Elementary School,1075 Rocky Rd,,Lawrenceville,GA,30044.0,    ,(770)978-5560,Not Virtual,PK,05,Elementary,1.0,Regular School,Currently operational ,21-Suburb: Large,Gwinnett County,13135,387.0,293.0,94.0,49.0,26.0,128.0,167.0,199.0,190.0,186.0,191.0,,,,,,,,,,,537.0,550.0,1087.0,1087.0,83.0,13.1,1.0,1.0,2.0,84.0,93.0,177.0,171.0,162.0,333.0,1.0,2.0,3.0,101.0,105.0,206.0,39.0,27.0,66.0,140.0,160.0,300.0,33.9025,-84.0182,Public,,,,,,,,,,,,,,
-84.1991,33.8761000000001,25098,130255000296.0,2022-2023,GA,1302550.0,GA-667,Gwinnett County,Nesbit Elementary School,6575 Cherokee Dr,,Tucker,GA,30084.0,    ,(770)414-2740,Not Virtual,PK,05,Elementary,1.0,Regular School,Currently operational ,21-Suburb: Large,Gwinnett County,13135,1065.0,945.0,120.0,150.0,57.0,210.0,194.0,190.0,193.0,184.0,178.0,,,,,,,,,,,632.0,574.0,1206.0,1206.0,94.9000015258789,12.71,1.0,3.0,4.0,25.0,12.0,37.0,96.0,92.0,188.0,0.0,0.0,0.0,482.0,447.0,929.0,11.0,6.0,17.0,17.0,14.0,31.0,33.8761,-84.1991,Public,,,,,,,,,,,,,,
-83.9718119999999,33.9863329990001,25099,130255000308.0,2022-2023,GA,1302550.0,GA-667,Gwinnett County,Gwinnett InterVention Education (GIVE) Center East,723 Hi Hope Rd,,Lawrenceville,GA,30043.0,    ,(770)338-4855,Not Virtual,07,12,High,1.0,Alternative Education School,Currently operational ,21-Suburb: Large,Gwinnett County,13135,121.0,104.0,17.0,15.0,,,,,,,,,8.0,26.0,57.0,69.0,40.0,26.0,,,,165.0,61.0,226.0,226.0,40.7000007629395,5.55,1.0,0.0,1.0,4.0,0.0,4.0,113.0,40.0,153.0,0.0,0.0,0.0,32.0,12.0,44.0,8.0,3.0,11.0,7.0,6.0,13.0,33.986333,-83.971812,Public,,,,,,,,,,,,,,
-83.9569,33.936899999,25100,130255000309.0,2022-2023,GA,1302550.0,GA-667,Gwinnett County,Simonton Elementary School,275 Simonton Rd,,Lawrenceville,GA,30045.0,    ,(770)513-6637,Not Virtual,PK,05,Elementary,1.0,Regular School,Currently operational ,21-Suburb: Large,Gwinnett County,13135,575.0,468.0,107.0,70.0,30.0,114.0,123.0,114.0,96.0,133.0,139.0,,,,,,,,,,,393.0,356.0,749.0,749.0,51.7999992370605,14.46,2.0,0.0,2.0,24.0,13.0,37.0,146.0,137.0,283.0,0.0,1.0,1.0,174.0,158.0,332.0,10.0,10.0,20.0,37.0,37.0,74.0,33.9369,-83.9569,Public,,,,,,,,,,,,,,
-84.229275,33.998473,25101,130255000327.0,2022-2023,GA,1302550.0,GA-667,Gwinnett County,Simpson Elementary School,4525 E Jones Bridge Rd,,Peachtree Corners,GA,30092.0,    ,(770)417-2400,Not Virtual,PK,05,Elementary,1.0,Regular School,Currently operational ,21-Suburb: Large,Gwinnett County,13135,108.0,82.0,26.0,16.0,40.0,142.0,164.0,144.0,164.0,159.0,138.0,,,,,,,,,,,516.0,435.0,951.0,951.0,72.0,13.21,1.0,0.0,1.0,52.0,35.0,87.0,65.0,41.0,106.0,0.0,0.0,0.0,62.0,30.0,92.0,28.0,24.0,52.0,308.0,305.0,613.0,33.998473,-84.229275,Public,,,,,,,,,,,,,,
-84.0207,34.0163000000001,25102,130255000959.0,2022-2023,GA,1302550.0,GA-667,Gwinnett County,Collins Hill High School,50 Taylor Rd,,Suwanee,GA,30024.0,    ,(770)682-4100,Not Virtual,09,12,High,1.0,Regular School,Currently operational ,21-Suburb: Large,Gwinnett County,13135,1233.0,883.0,350.0,75.0,,,,,,,,,,,789.0,680.0,605.0,621.0,,,,1367.0,1328.0,2695.0,2695.0,153.300003051758,17.58,1.0,1.0,2.0,152.0,153.0,305.0,477.0,444.0,921.0,1.0,0.0,1.0,443.0,450.0,893.0,77.0,69.0,146.0,216.0,211.0,427.0,34.0163,-84.0207,Public,,,,,,,,,,,,,,
-83.924,34.0445999990001,25103,130255000972.0,2022-2023,GA,1302550.0,GA-667,Gwinnett County,Fort Daniel Elementary School,1725 Auburn Rd,,Dacula,GA,30019.0,    ,(770)932-7400,Not Virtual,PK,05,Elementary,1.0,Regular School,Currently operational ,21-Suburb: Large,Gwinnett County,13135,256.0,207.0,49.0,25.0,23.0,111.0,116.0,93.0,105.0,127.0,116.0,,,,,,,,,,,355.0,336.0,691.0,691.0,55.0,12.56,0.0,0.0,0.0,44.0,44.0,88.0,81.0,81.0,162.0,0.0,0.0,0.0,92.0,70.0,162.0,21.0,25.0,46.0,117.0,116.0,233.0,34.0446,-83.924,Public,,,,,,,,,,,,,,
-84.0613999999999,33.988299999,25104,130255000973.0,2022-2023,GA,1302550.0,GA-667,Gwinnett County,Jackson Elementary School,1970 Sever Rd,,Lawrenceville,GA,30043.0,    ,(770)682-4200,Not Virtual,PK,05,Elementary,1.0,Regular School,Currently operational ,21-Suburb: Large,Gwinnett County,13135,923.0,718.0,205.0,120.0,4.0,211.0,231.0,257.0,255.0,264.0,269.0,,,,,,,,,,,747.0,744.0,1491.0,1491.0,101.599998474121,14.68,0.0,0.0,0.0,117.0,122.0,239.0,206.0,222.0,428.0,2.0,0.0,2.0,285.0,272.0,557.0,34.0,42.0,76.0,103.0,86.0,189.0,33.9883,-84.0614,Public,,,,,,,,,,,,,,
-84.0828,33.9425000000001,25105,130255000992.0,2022-2023,GA,1302550.0,GA-667,Gwinnett County,Kanoheda Elementary School,1025 Herrington Rd,,Lawrenceville,GA,30044.0,    ,(770)682-4221,Not Virtual,PK,05,Elementary,1.0,Regular School,Currently operational ,21-Suburb: Large,Gwinnett County,13135,738.0,614.0,124.0,60.0,22.0,161.0,155.0,156.0,131.0,122.0,143.0,,,,,,,,,,,453.0,437.0,890.0,890.0,72.5,12.28,0.0,0.0,0.0,21.0,17.0,38.0,101.0,105.0,206.0,0.0,0.0,0.0,308.0,287.0,595.0,8.0,10.0,18.0,15.0,18.0,33.0,33.9425,-84.0828,Public,,,,,,,,,,,,,,
-83.9372999999999,33.9968000010001,25106,130255001109.0,2022-2023,GA,1302550.0,GA-667,Gwinnett County,Dyer Elementary School,1707 Hurricane Shoals Rd,,Dacula,GA,30019.0,    ,(770)963-6214,Not Virtual,PK,05,Elementary,1.0,Regular School,Currently operational ,21-Suburb: Large,Gwinnett County,13135,427.0,319.0,108.0,61.0,32.0,132.0,129.0,123.0,144.0,155.0,146.0,,,,,,,,,,,427.0,434.0,861.0,861.0,64.3000030517578,13.39,1.0,2.0,3.0,53.0,46.0,99.0,148.0,150.0,298.0,0.0,0.0,0.0,91.0,105.0,196.0,19.0,31.0,50.0,115.0,100.0,215.0,33.9968,-83.9373,Public,,,,,,,,,,,,,,
-84.1948,33.8996000000001,25107,130255001110.0,2022-2023,GA,1302550.0,GA-667,Gwinnett County,Rockbridge Elementary School,6066 Rockbridge School Rd,,Norcross,GA,30093.0,    ,(770)448-9363,Not Virtual,KG,05,Elementary,1.0,Regular School,Currently operational ,21-Suburb: Large,Gwinnett County,13135,918.0,827.0,91.0,110.0,,155.0,187.0,176.0,158.0,190.0,167.0,,,,,,,,,,,554.0,479.0,1033.0,1033.0,83.3000030517578,12.4,0.0,2.0,2.0,35.0,26.0,61.0,65.0,54.0,119.0,1.0,0.0,1.0,438.0,388.0,826.0,5.0,3.0,8.0,10.0,6.0,16.0,33.8996,-84.1948,Public,,,,,,,,,,,,,,
-84.1446,33.8876000000001,25108,130255001111.0,2022-2023,GA,1302550.0,GA-667,Gwinnett County,Lilburn Middle School,4994 Lawrenceville Hwy NW,,Lilburn,GA,30047.0,    ,(770)921-1776,Not Virtual,06,08,Middle,1.0,Regular School,Currently operational ,21-Suburb: Large,Gwinnett County,13135,1599.0,1410.0,189.0,135.0,,,,,,,,587.0,550.0,646.0,,,,,,,,900.0,883.0,1783.0,1783.0,119.5,14.92,0.0,2.0,2.0,61.0,53.0,114.0,102.0,118.0,220.0,0.0,0.0,0.0,711.0,678.0,1389.0,7.0,13.0,20.0,19.0,19.0,38.0,33.8876,-84.1446,Public,,,,,,,,,,,,,,
-84.1002,33.8857,25109,130255001112.0,2022-2023,GA,1302550.0,GA-667,Gwinnett County,Knight Elementary School,401 N River Dr SW,,Lilburn,GA,30047.0,    ,(770)921-2400,Not Virtual,PK,05,Elementary,1.0,Regular School,Currently operational ,21-Suburb: Large,Gwinnett County,13135,556.0,429.0,127.0,35.0,4.0,118.0,132.0,157.0,147.0,161.0,150.0,,,,,,,,,,,490.0,379.0,869.0,869.0,65.4000015258789,13.29,0.0,0.0,0.0,70.0,59.0,129.0,88.0,68.0,156.0,0.0,0.0,0.0,235.0,159.0,394.0,19.0,20.0,39.0,78.0,73.0,151.0,33.8857,-84.1002,Public,,,,,,,,,,,,,,
-84.1138999999999,33.8595,25110,130255001114.0,2022-2023,GA,1302550.0,GA-667,Gwinnett County,Parkview High School,998 Cole Rd SW,,Lilburn,GA,30047.0,    ,(770)921-2874,Not Virtual,09,12,High,1.0,Regular School,Currently operational ,21-Suburb: Large,Gwinnett County,13135,1460.0,1081.0,379.0,84.0,,,,,,,,,,,927.0,864.0,794.0,677.0,,,,1708.0,1554.0,3262.0,3262.0,174.100006103516,18.74,5.0,1.0,6.0,365.0,331.0,696.0,467.0,423.0,890.0,1.0,1.0,2.0,469.0,412.0,881.0,63.0,62.0,125.0,338.0,324.0,662.0,33.8595,-84.1139,Public,,,,,,,,,,,,,,
-84.119752999,33.8867139990001,25111,130255001115.0,2022-2023,GA,1302550.0,GA-667,Gwinnett County,Trickum Middle School,130 Killian Hill Rd SW,,Lilburn,GA,30047.0,    ,(770)921-2705,Not Virtual,06,08,Middle,1.0,Regular School,Currently operational ,21-Suburb: Large,Gwinnett County,13135,1127.0,891.0,236.0,87.0,,,,,,,,705.0,732.0,711.0,,,,,,,,1078.0,1070.0,2148.0,2148.0,129.600006103516,16.57,3.0,1.0,4.0,205.0,226.0,431.0,251.0,266.0,517.0,2.0,0.0,2.0,305.0,326.0,631.0,52.0,42.0,94.0,260.0,209.0,469.0,33.886714,-84.119753,Public,,,,,,,,,,,,,,
-84.0359999999999,33.8231000000001,25112,130255001116.0,2022-2023,GA,1302550.0,GA-667,Gwinnett County,Centerville Elementary School,3115 Scenic Hwy S,,Snellville,GA,30039.0,    ,(770)972-2220,Not Virtual,KG,05,Elementary,1.0,Regular School,Currently operational ,21-Suburb: Large,Gwinnett County,13135,491.0,425.0,66.0,77.0,,89.0,112.0,99.0,119.0,121.0,132.0,,,,,,,,,,,349.0,323.0,672.0,672.0,52.0,12.92,2.0,2.0,4.0,20.0,17.0,37.0,191.0,180.0,371.0,0.0,1.0,1.0,88.0,81.0,169.0,19.0,15.0,34.0,29.0,27.0,56.0,33.8231,-84.036,Public,,,,,,,,,,,,,,
-84.153,33.8919000000001,25113,130255001117.0,2022-2023,GA,1302550.0,GA-667,Gwinnett County,Lilburn Elementary School,531 Lilburn School Rd NW,,Lilburn,GA,30047.0,    ,(770)921-7707,Not Virtual,KG,05,Elementary,1.0,Regular School,Currently operational ,21-Suburb: Large,Gwinnett County,13135,1148.0,1003.0,145.0,125.0,,206.0,210.0,212.0,207.0,230.0,234.0,,,,,,,,,,,647.0,652.0,1299.0,1299.0,94.0,13.82,1.0,0.0,1.0,85.0,74.0,159.0,69.0,88.0,157.0,0.0,0.0,0.0,448.0,461.0,909.0,14.0,9.0,23.0,30.0,20.0,50.0,33.8919,-84.153,Public,,,,,,,,,,,,,,
-84.1437999999999,34.010000001,25114,130255001118.0,2022-2023,GA,1302550.0,GA-667,Gwinnett County,Duluth High School,3737 Brock Rd,,Duluth,GA,30096.0,    ,(770)476-5206,Not Virtual,09,12,High,1.0,Regular School,Currently operational ,21-Suburb: Large,Gwinnett County,13135,1456.0,1131.0,325.0,100.0,,,,,,,,,,,753.0,667.0,650.0,574.0,,,,1389.0,1255.0,2644.0,2644.0,154.199996948242,17.15,4.0,2.0,6.0,159.0,165.0,324.0,322.0,300.0,622.0,1.0,4.0,5.0,687.0,581.0,1268.0,49.0,44.0,93.0,167.0,159.0,326.0,34.01,-84.1438,Public,,,,,,,,,,,,,,
-84.054800001,34.0487000000001,25115,130255001119.0,2022-2023,GA,1302550.0,GA-667,Gwinnett County,Suwanee Elementary School,3875 Smithtown Rd,,Suwanee,GA,30024.0,    ,(770)945-5763,Not Virtual,PK,05,Elementary,1.0,Regular School,Currently operational ,21-Suburb: Large,Gwinnett County,13135,152.0,117.0,35.0,19.0,16.0,80.0,110.0,108.0,113.0,112.0,133.0,,,,,,,,,,,334.0,338.0,672.0,672.0,47.0,14.3,1.0,0.0,1.0,126.0,122.0,248.0,48.0,44.0,92.0,0.0,1.0,1.0,31.0,40.0,71.0,25.0,29.0,54.0,103.0,102.0,205.0,34.0487,-84.0548,Public,,,,,,,,,,,,,,
-84.2366739999999,33.963282,25116,130255001120.0,2022-2023,GA,1302550.0,GA-667,Gwinnett County,Peachtree Elementary School,5995 Crooked Creek Rd,,Peachtree Corners,GA,30092.0,    ,(770)448-8710,Not Virtual,PK,05,Elementary,1.0,Regular School,Currently operational ,21-Suburb: Large,Gwinnett County,13135,508.0,428.0,80.0,87.0,3.0,115.0,121.0,102.0,110.0,122.0,123.0,,,,,,,,,,,337.0,359.0,696.0,696.0,57.2000007629395,12.17,0.0,1.0,1.0,4.0,10.0,14.0,121.0,119.0,240.0,0.0,0.0,0.0,171.0,163.0,334.0,14.0,20.0,34.0,27.0,46.0,73.0,33.963282,-84.236674,Public,,,,,,,,,,,,,,
-83.994899999,33.9459000000001,25117,130255001121.0,2022-2023,GA,1302550.0,GA-667,Gwinnett County,Lawrenceville Elementary School,122 Gwinnett Dr,,Lawrenceville,GA,30046.0,    ,(770)963-1813,Not Virtual,PK,05,Elementary,1.0,Regular School,Currently operational ,21-Suburb: Large,Gwinnett County,13135,585.0,508.0,77.0,103.0,51.0,113.0,91.0,128.0,106.0,100.0,110.0,,,,,,,,,,,332.0,367.0,699.0,699.0,58.0999984741211,12.03,0.0,1.0,1.0,5.0,9.0,14.0,155.0,182.0,337.0,2.0,0.0,2.0,132.0,133.0,265.0,20.0,17.0,37.0,18.0,25.0,43.0,33.9459,-83.9949,Public,,,,,,,,,,,,,,
-84.1584,33.9870000000001,25118,130255001122.0,2022-2023,GA,1302550.0,GA-667,Gwinnett County,Duluth Middle School,3200 Pleasant Hill Rd,,Duluth,GA,30096.0,    ,(770)476-3372,Not Virtual,06,08,Middle,1.0,Regular School,Currently operational ,21-Suburb: Large,Gwinnett County,13135,922.0,738.0,184.0,84.0,,,,,,,,425.0,417.0,429.0,,,,,,,,632.0,639.0,1271.0,1271.0,98.5,12.9,0.0,0.0,0.0,76.0,68.0,144.0,142.0,160.0,302.0,1.0,0.0,1.0,347.0,334.0,681.0,13.0,25.0,38.0,53.0,52.0,105.0,33.987,-84.1584,Public,,,,,,,,,,,,,,
-84.0716,34.0855,25119,130255001123.0,2022-2023,GA,1302550.0,GA-667,Gwinnett County,North Gwinnett High School,20 Level Creek Rd,,Suwanee,GA,30024.0,    ,(770)945-9558,Not Virtual,09,12,High,1.0,Regular School,Currently operational ,21-Suburb: Large,Gwinnett County,13135,386.0,243.0,143.0,19.0,,,,,,,,,,,810.0,765.0,758.0,764.0,,,,1603.0,1494.0,3097.0,3097.0,163.600006103516,18.93,1.0,1.0,2.0,468.0,466.0,934.0,219.0,222.0,441.0,1.0,3.0,4.0,154.0,133.0,287.0,94.0,76.0,170.0,666.0,593.0,1259.0,34.0855,-84.0716,Public,,,,,,,,,,,,,,
-84.202165,33.941018,25120,130255001124.0,2022-2023,GA,1302550.0,GA-667,Gwinnett County,Summerour Middle School,321 Price Place Pl NW,,Norcross,GA,30071.0,    ,(770)448-3045,Not Virtual,06,08,Middle,1.0,Regular School,Currently operational ,21-Suburb: Large,Gwinnett County,13135,1313.0,1158.0,155.0,188.0,,,,,,,,483.0,487.0,495.0,,,,,,,,751.0,714.0,1465.0,1465.0,112.5,13.02,0.0,2.0,2.0,27.0,36.0,63.0,128.0,121.0,249.0,0.0,1.0,1.0,570.0,530.0,1100.0,9.0,11.0,20.0,17.0,13.0,30.0,33.941018,-84.202165,Public,,,,,,,,,,,,,,
-84.2068,33.9457,25121,130255001125.0,2022-2023,GA,1302550.0,GA-667,Gwinnett County,Norcross Elementary School,150 Hunt St,,Norcross,GA,30071.0,    ,(770)448-2188,Not Virtual,PK,05,Elementary,1.0,Regular School,Currently operational ,21-Suburb: Large,Gwinnett County,13135,712.0,626.0,86.0,125.0,8.0,144.0,126.0,125.0,146.0,114.0,143.0,,,,,,,,,,,420.0,386.0,806.0,806.0,61.7000007629395,13.06,1.0,3.0,4.0,29.0,20.0,49.0,62.0,75.0,137.0,0.0,0.0,0.0,312.0,277.0,589.0,8.0,2.0,10.0,8.0,9.0,17.0,33.9457,-84.2068,Public,,,,,,,,,,,,,,
-83.9007999999999,33.9908,25122,130255001127.0,2022-2023,GA,1302550.0,GA-667,Gwinnett County,Dacula High School,123 Broad St,,Dacula,GA,30019.0,    ,(770)963-6664,Not Virtual,09,12,High,1.0,Regular School,Currently operational ,21-Suburb: Large,Gwinnett County,13135,1271.0,971.0,300.0,94.0,,,,,,,,,,,735.0,656.0,574.0,533.0,,,,1275.0,1223.0,2498.0,2498.0,143.300003051758,17.43,0.0,0.0,0.0,48.0,50.0,98.0,609.0,576.0,1185.0,1.0,3.0,4.0,332.0,334.0,666.0,44.0,57.0,101.0,241.0,203.0,444.0,33.9908,-83.9008,Public,,,,,,,,,,,,,,
-84.0003,33.9488000010001,25123,130255001129.0,2022-2023,GA,1302550.0,GA-667,Gwinnett County,Central Gwinnett High School,564 W Crogan St,,Lawrenceville,GA,30046.0,    ,(770)963-8041,Not Virtual,09,12,High,1.0,Regular School,Currently operational ,21-Suburb: Large,Gwinnett County,13135,1565.0,1276.0,289.0,108.0,,,,,,,,,,,687.0,674.0,528.0,491.0,,,,1164.0,1216.0,2380.0,2380.0,158.399993896484,15.03,1.0,2.0,3.0,61.0,54.0,115.0,483.0,548.0,1031.0,0.0,2.0,2.0,473.0,426.0,899.0,40.0,54.0,94.0,106.0,130.0,236.0,33.9488,-84.0003,Public,,,,,,,,,,,,,,
-84.1163,33.861200001,25124,130255001130.0,2022-2023,GA,1302550.0,GA-667,Gwinnett County,Camp Creek Elementary School,958 Cole Rd SW,,Lilburn,GA,30047.0,    ,(770)921-1626,Not Virtual,PK,05,Elementary,1.0,Regular School,Currently operational ,21-Suburb: Large,Gwinnett County,13135,479.0,361.0,118.0,47.0,33.0,211.0,210.0,207.0,207.0,236.0,234.0,,,,,,,,,,,656.0,682.0,1338.0,1338.0,91.1999969482422,14.67,1.0,2.0,3.0,144.0,136.0,280.0,133.0,159.0,292.0,0.0,2.0,2.0,133.0,122.0,255.0,35.0,41.0,76.0,210.0,220.0,430.0,33.8612,-84.1163,Public,,,,,,,,,,,,,,
-84.04,34.0998000000001,25125,130255001131.0,2022-2023,GA,1302550.0,GA-667,Gwinnett County,Sugar Hill Elementary School,939 Level Creek Rd,,Sugar Hill,GA,30518.0,    ,(770)945-5735,Not Virtual,PK,05,Elementary,1.0,Regular School,Currently operational ,21-Suburb: Large,Gwinnett County,13135,493.0,372.0,121.0,80.0,3.0,160.0,178.0,178.0,211.0,183.0,194.0,,,,,,,,,,,588.0,519.0,1107.0,1107.0,87.0,12.72,1.0,2.0,3.0,81.0,79.0,160.0,113.0,105.0,218.0,1.0,0.0,1.0,137.0,136.0,273.0,37.0,36.0,73.0,218.0,161.0,379.0,34.0998,-84.04,Public,,,,,,,,,,,,,,
-84.212,33.967000001,25126,130255001132.0,2022-2023,GA,1302550.0,GA-667,Gwinnett County,Norcross High School,5300 Spalding Dr,,Norcross,GA,30092.0,    ,(770)448-3674,Not Virtual,09,12,High,1.0,Regular School,Currently operational ,21-Suburb: Large,Gwinnett County,13135,1659.0,1387.0,272.0,175.0,,,,,,,,,,,738.0,693.0,566.0,611.0,,,,1332.0,1276.0,2608.0,2608.0,168.5,15.48,0.0,2.0,2.0,48.0,54.0,102.0,361.0,337.0,698.0,0.0,0.0,0.0,732.0,684.0,1416.0,31.0,37.0,68.0,160.0,162.0,322.0,33.967,-84.212,Public,,,,,,,,,,,,,,
-84.1342,33.9871000000001,25127,130255001133.0,2022-2023,GA,1302550.0,GA-667,Gwinnett County,Harris Elementary School,3123 Claiborne Dr,,Duluth,GA,30096.0,    ,(770)476-2241,Not Virtual,PK,05,Elementary,1.0,Regular School,Currently operational ,21-Suburb: Large,Gwinnett County,13135,441.0,357.0,84.0,63.0,1.0,89.0,118.0,107.0,104.0,106.0,119.0,,,,,,,,,,,336.0,308.0,644.0,644.0,55.0,11.71,0.0,1.0,1.0,58.0,57.0,115.0,71.0,61.0,132.0,0.0,1.0,1.0,141.0,144.0,285.0,13.0,12.0,25.0,53.0,32.0,85.0,33.9871,-84.1342,Public,,,,,,,,,,,,,,
-84.0103999999999,33.8539000000001,25128,130255001134.0,2022-2023,GA,1302550.0,GA-667,Gwinnett County,Britt Elementary School,2503 Skyland Dr,,Snellville,GA,30078.0,    ,(770)972-4500,Not Virtual,KG,05,Elementary,1.0,Regular School,Currently operational ,21-Suburb: Large,Gwinnett County,13135,458.0,386.0,72.0,85.0,,98.0,95.0,113.0,87.0,105.0,101.0,,,,,,,,,,,299.0,300.0,599.0,599.0,41.9000015258789,14.3,1.0,0.0,1.0,16.0,12.0,28.0,164.0,174.0,338.0,0.0,0.0,0.0,75.0,76.0,151.0,23.0,13.0,36.0,20.0,25.0,45.0,33.8539,-84.0104,Public,,,,,,,,,,,,,,
-84.0069999999999,33.8539000000001,25129,130255001135.0,2022-2023,GA,1302550.0,GA-667,Gwinnett County,South Gwinnett High School,2288 Main St E,,Snellville,GA,30078.0,    ,(770)972-4840,Not Virtual,09,12,High,1.0,Regular School,Currently operational ,21-Suburb: Large,Gwinnett County,13135,1551.0,1255.0,296.0,157.0,,,,,,,,,,,700.0,671.0,670.0,636.0,,,,1348.0,1329.0,2677.0,2677.0,148.399993896484,18.04,4.0,5.0,9.0,27.0,31.0,58.0,945.0,968.0,1913.0,3.0,1.0,4.0,263.0,258.0,521.0,48.0,35.0,83.0,58.0,31.0,89.0,33.8539,-84.007,Public,,,,,,,,,,,,,,
-84.0031,33.834099999,25130,130255001136.0,2022-2023,GA,1302550.0,GA-667,Gwinnett County,Snellville Middle School,3155 Pate Rd,,Snellville,GA,30078.0,    ,(770)972-1530,Not Virtual,06,08,Middle,1.0,Regular School,Currently operational ,21-Suburb: Large,Gwinnett County,13135,662.0,552.0,110.0,89.0,,,,,,,,274.0,311.0,297.0,,,,,,,,442.0,440.0,882.0,882.0,55.7999992370605,15.81,0.0,2.0,2.0,16.0,3.0,19.0,276.0,298.0,574.0,1.0,0.0,1.0,109.0,96.0,205.0,10.0,21.0,31.0,30.0,20.0,50.0,33.8341,-84.0031,Public,,,,,,,,,,,,,,
-84.1151,33.8402,25131,130255001137.0,2022-2023,GA,1302550.0,GA-667,Gwinnett County,Mountain Park Elementary School,1500 Pounds Rd SW,,Lilburn,GA,30047.0,    ,(770)921-2224,Not Virtual,PK,05,Elementary,1.0,Regular School,Currently operational ,21-Suburb: Large,Gwinnett County,13135,355.0,294.0,61.0,62.0,21.0,109.0,92.0,93.0,100.0,103.0,128.0,,,,,,,,,,,338.0,308.0,646.0,646.0,43.2000007629395,14.95,1.0,2.0,3.0,76.0,60.0,136.0,88.0,79.0,167.0,0.0,0.0,0.0,69.0,71.0,140.0,22.0,20.0,42.0,82.0,76.0,158.0,33.8402,-84.1151,Public,,,,,,,,,,,,,,
-83.9795999999999,34.0973000000001,25132,130255001138.0,2022-2023,GA,1302550.0,GA-667,Gwinnett County,Harmony Elementary School,3946 S Bogan Rd,,Buford,GA,30519.0,    ,(770)945-7272,Not Virtual,PK,05,Elementary,1.0,Regular School,Currently operational ,21-Suburb: Large,Gwinnett County,13135,182.0,150.0,32.0,29.0,1.0,83.0,75.0,108.0,107.0,113.0,122.0,,,,,,,,,,,314.0,295.0,609.0,609.0,47.0,12.96,0.0,1.0,1.0,58.0,52.0,110.0,71.0,67.0,138.0,0.0,0.0,0.0,45.0,46.0,91.0,17.0,20.0,37.0,123.0,109.0,232.0,34.0973,-83.9796,Public,,,,,,,,,,,,,,
-83.9569999999999,33.8919000000001,25133,130255001139.0,2022-2023,GA,1302550.0,GA-667,Gwinnett County,Grayson Elementary School,460 Grayson Pkwy,,Grayson,GA,30017.0,    ,(770)963-7189,Not Virtual,PK,05,Elementary,1.0,Regular School,Currently operational ,21-Suburb: Large,Gwinnett County,13135,481.0,362.0,119.0,55.0,2.0,153.0,151.0,153.0,205.0,174.0,171.0,,,,,,,,,,,527.0,482.0,1009.0,1009.0,71.9000015258789,14.03,1.0,0.0,1.0,45.0,31.0,76.0,256.0,248.0,504.0,1.0,0.0,1.0,87.0,72.0,159.0,22.0,30.0,52.0,115.0,101.0,216.0,33.8919,-83.957,Public,,,,,,,,,,,,,,
-84.086,33.9254,25134,130255001140.0,2022-2023,GA,1302550.0,GA-667,Gwinnett County,Bethesda Elementary School,525 Bethesda School Rd,,Lawrenceville,GA,30044.0,    ,(770)921-2000,Not Virtual,PK,05,Elementary,1.0,Regular School,Currently operational ,21-Suburb: Large,Gwinnett County,13135,896.0,747.0,149.0,87.0,2.0,173.0,214.0,180.0,194.0,202.0,183.0,,,,,,,,,,,587.0,561.0,1148.0,1148.0,88.5,12.97,0.0,1.0,1.0,43.0,61.0,104.0,122.0,113.0,235.0,1.0,0.0,1.0,380.0,351.0,731.0,19.0,12.0,31.0,22.0,23.0,45.0,33.9254,-84.086,Public,,,,,,,,,,,,,,
-84.074,33.895600001,25135,130255001142.0,2022-2023,GA,1302550.0,GA-667,Gwinnett County,Gwin Oaks Elementary School,400 Gwin Oaks Dr,,Lawrenceville,GA,30044.0,    ,(770)972-3110,Not Virtual,PK,05,Elementary,1.0,Regular School,Currently operational ,21-Suburb: Large,Gwinnett County,13135,385.0,289.0,96.0,51.0,36.0,158.0,151.0,164.0,183.0,178.0,190.0,,,,,,,,,,,575.0,485.0,1060.0,1060.0,74.4000015258789,14.25,3.0,1.0,4.0,145.0,103.0,248.0,111.0,126.0,237.0,1.0,0.0,1.0,124.0,105.0,229.0,37.0,28.0,65.0,154.0,122.0,276.0,33.8956,-84.074,Public,,,,,,,,,,,,,,
-84.0692999999999,33.8842000000001,25136,130255001143.0,2022-2023,GA,1302550.0,GA-667,Gwinnett County,Five Forks Middle School,3250 River Dr,,Lawrenceville,GA,30044.0,    ,(770)972-1506,Not Virtual,06,08,Middle,1.0,Regular School,Currently operational ,21-Suburb: Large,Gwinnett County,13135,515.0,371.0,144.0,34.0,,,,,,,,423.0,412.0,383.0,,,,,,,,611.0,607.0,1218.0,1218.0,72.0,16.92,1.0,3.0,4.0,113.0,102.0,215.0,182.0,170.0,352.0,0.0,0.0,0.0,110.0,130.0,240.0,40.0,34.0,74.0,165.0,168.0,333.0,33.8842,-84.0693,Public,,,,,,,,,,,,,,
-84.1075999999999,33.926499999,25137,130255001144.0,2022-2023,GA,1302550.0,GA-667,Gwinnett County,Sweetwater Middle School,3500 Cruse Rd,,Lawrenceville,GA,30044.0,    ,(770)923-4131,Not Virtual,06,08,Middle,1.0,Regular School,Currently operational ,21-Suburb: Large,Gwinnett County,13135,1254.0,1059.0,195.0,103.0,,,,,,,,463.0,520.0,497.0,,,,,,,,775.0,705.0,1480.0,1480.0,104.5,14.16,0.0,0.0,0.0,41.0,47.0,88.0,176.0,142.0,318.0,1.0,0.0,1.0,525.0,484.0,1009.0,12.0,12.0,24.0,20.0,20.0,40.0,33.9265,-84.1076,Public,,,,,,,,,,,,,,
-83.8574,33.9439,25138,130255001249.0,2022-2023,GA,1302550.0,GA-667,Gwinnett County,Harbins Elementary School,3550 New Hope Rd,,Dacula,GA,30019.0,    ,(770)682-4270,Not Virtual,PK,05,Elementary,1.0,Regular School,Currently operational ,21-Suburb: Large,Gwinnett County,13135,657.0,494.0,163.0,52.0,5.0,181.0,231.0,223.0,242.0,264.0,266.0,,,,,,,,,,,732.0,680.0,1412.0,1412.0,102.5,13.78,0.0,4.0,4.0,25.0,24.0,49.0,298.0,316.0,614.0,3.0,0.0,3.0,154.0,133.0,287.0,62.0,39.0,101.0,190.0,164.0,354.0,33.9439,-83.8574,Public,,,,,,,,,,,,,,
-84.008000001,34.0011000000001,25139,130255001632.0,2022-2023,GA,1302550.0,GA-667,Gwinnett County,Creekland Middle School,170 Russell Rd,,Lawrenceville,GA,30043.0,    ,(770)338-4700,Not Virtual,06,08,Middle,1.0,Regular School,Currently operational ,21-Suburb: Large,Gwinnett County,13135,963.0,720.0,243.0,71.0,,,,,,,,593.0,628.0,639.0,,,,,,,,958.0,902.0,1860.0,1860.0,117.0,15.9,2.0,1.0,3.0,93.0,96.0,189.0,336.0,283.0,619.0,0.0,2.0,2.0,307.0,299.0,606.0,55.0,61.0,116.0,165.0,160.0,325.0,34.0011,-84.008,Public,,,,,,,,,,,,,,
-84.1032,34.0136000000001,25140,130255001633.0,2022-2023,GA,1302550.0,GA-667,Gwinnett County,Hull Middle School,1950 Old Peachtree Rd,,Duluth,GA,30097.0,    ,(770)232-3200,Not Virtual,06,08,Middle,1.0,Regular School,Currently operational ,21-Suburb: Large,Gwinnett County,13135,455.0,336.0,119.0,46.0,,,,,,,,387.0,420.0,445.0,,,,,,,,663.0,589.0,1252.0,1252.0,81.0,15.46,0.0,4.0,4.0,225.0,202.0,427.0,198.0,183.0,381.0,0.0,1.0,1.0,111.0,90.0,201.0,41.0,35.0,76.0,88.0,74.0,162.0,34.0136,-84.1032,Public,,,,,,,,,,,,,,
-83.9419,33.8391,25141,130255001635.0,2022-2023,GA,1302550.0,GA-667,Gwinnett County,Magill Elementary School,3900 Brushy Fork Rd,,Loganville,GA,30052.0,    ,(770)554-1030,Not Virtual,PK,05,Elementary,1.0,Regular School,Currently operational ,21-Suburb: Large,Gwinnett County,13135,911.0,775.0,136.0,185.0,16.0,200.0,198.0,215.0,208.0,214.0,223.0,,,,,,,,,,,682.0,592.0,1274.0,1274.0,82.5999984741211,15.42,7.0,4.0,11.0,10.0,10.0,20.0,419.0,335.0,754.0,0.0,0.0,0.0,170.0,168.0,338.0,20.0,24.0,44.0,56.0,51.0,107.0,33.8391,-83.9419,Public,,,,,,,,,,,,,,
-83.9141999999999,33.8952,25142,130255001638.0,2022-2023,GA,1302550.0,GA-667,Gwinnett County,McConnell Middle School,550 Ozora Rd,,Loganville,GA,30052.0,    ,(770)554-1000,Not Virtual,06,08,Middle,1.0,Regular School,Currently operational ,21-Suburb: Large,Gwinnett County,13135,1107.0,871.0,236.0,102.0,,,,,,,,704.0,672.0,800.0,,,,,,,,1090.0,1086.0,2176.0,2176.0,131.5,16.55,4.0,3.0,7.0,32.0,32.0,64.0,576.0,603.0,1179.0,1.0,0.0,1.0,214.0,186.0,400.0,65.0,61.0,126.0,198.0,201.0,399.0,33.8952,-83.9142,Public,,,,,,,,,,,,,,
-84.0685999999999,33.8032000000001,25143,130255001901.0,2022-2023,GA,1302550.0,GA-667,Gwinnett County,Annistown Elementary School,3150 Spain Rd,,Snellville,GA,30039.0,    ,(770)979-2950,Not Virtual,KG,05,Elementary,1.0,Regular School,Currently operational ,21-Suburb: Large,Gwinnett County,13135,533.0,457.0,76.0,104.0,,106.0,102.0,117.0,119.0,145.0,120.0,,,,,,,,,,,340.0,369.0,709.0,709.0,55.0,12.89,0.0,0.0,0.0,18.0,23.0,41.0,183.0,204.0,387.0,0.0,0.0,0.0,97.0,114.0,211.0,17.0,14.0,31.0,25.0,14.0,39.0,33.8032,-84.0686,Public,,,,,,,,,,,,,,
-84.139799999,33.8720000000001,25144,130255001902.0,2022-2023,GA,1302550.0,GA-667,Gwinnett County,Arcado Elementary School,5150 Arcado Rd SW,,Lilburn,GA,30047.0,    ,(770)925-2100,Not Virtual,PK,05,Elementary,1.0,Regular School,Currently operational ,21-Suburb: Large,Gwinnett County,13135,509.0,406.0,103.0,71.0,9.0,163.0,156.0,161.0,159.0,156.0,173.0,,,,,,,,,,,482.0,495.0,977.0,977.0,72.0999984741211,13.55,3.0,5.0,8.0,146.0,140.0,286.0,99.0,118.0,217.0,0.0,0.0,0.0,151.0,153.0,304.0,18.0,16.0,34.0,65.0,63.0,128.0,33.872,-84.1398,Public,,,,,,,,,,,,,,
-84.173199999,33.9346,25145,130255001903.0,2022-2023,GA,1302550.0,GA-667,Gwinnett County,Beaver Ridge Elementary School,1978 Beaver Ruin Rd,,Norcross,GA,30071.0,    ,(770)447-6307,Not Virtual,PK,05,Elementary,1.0,Regular School,Currently operational ,21-Suburb: Large,Gwinnett County,13135,780.0,679.0,101.0,117.0,51.0,138.0,168.0,159.0,143.0,161.0,163.0,,,,,,,,,,,524.0,459.0,983.0,983.0,74.6999969482422,13.16,2.0,1.0,3.0,26.0,28.0,54.0,118.0,91.0,209.0,0.0,1.0,1.0,353.0,312.0,665.0,7.0,15.0,22.0,18.0,11.0,29.0,33.9346,-84.1732,Public,,,,,,,,,,,,,,
-84.1141,33.907,25146,130255001905.0,2022-2023,GA,1302550.0,GA-667,Gwinnett County,Berkmar High School,405 Pleasant Hill Rd NW,,Lilburn,GA,30047.0,    ,(770)921-3636,Not Virtual,09,12,High,1.0,Regular School,Currently operational ,21-Suburb: Large,Gwinnett County,13135,2315.0,1941.0,374.0,119.0,,,,,,,,,,,855.0,962.0,658.0,554.0,,,,1586.0,1443.0,3029.0,3029.0,190.899993896484,15.87,2.0,0.0,2.0,110.0,92.0,202.0,293.0,294.0,587.0,0.0,2.0,2.0,1127.0,1006.0,2133.0,18.0,17.0,35.0,36.0,32.0,68.0,33.907,-84.1141,Public,,,,,,,,,,,,,,
-84.040000001,33.8837,25147,130255001906.0,2022-2023,GA,1302550.0,GA-667,Gwinnett County,Brookwood High School,1255 Dogwood Rd,,Snellville,GA,30078.0,    ,(770)972-7642,Not Virtual,09,12,High,1.0,Regular School,Currently operational ,21-Suburb: Large,Gwinnett County,13135,1253.0,881.0,372.0,89.0,,,,,,,,,,,1040.0,1020.0,943.0,875.0,,,,1964.0,1914.0,3878.0,3878.0,203.100006103516,19.09,3.0,5.0,8.0,379.0,357.0,736.0,631.0,622.0,1253.0,0.0,1.0,1.0,325.0,340.0,665.0,103.0,86.0,189.0,523.0,503.0,1026.0,33.8837,-84.04,Public,,,,,,,,,,,,,,
-83.8946999999999,33.9913000010001,25148,130255001907.0,2022-2023,GA,1302550.0,GA-667,Gwinnett County,Dacula Middle School,137 Dacula Rd,,Dacula,GA,30019.0,    ,(770)963-1110,Not Virtual,06,08,Middle,1.0,Regular School,Currently operational ,21-Suburb: Large,Gwinnett County,13135,1069.0,827.0,242.0,78.0,,,,,,,,608.0,600.0,631.0,,,,,,,,941.0,898.0,1839.0,1839.0,107.0,17.19,1.0,1.0,2.0,43.0,42.0,85.0,440.0,425.0,865.0,2.0,1.0,3.0,234.0,231.0,465.0,55.0,37.0,92.0,166.0,161.0,327.0,33.9913,-83.8947,Public,,,,,,,,,,,,,,
-84.0649,33.8543,25149,130255001909.0,2022-2023,GA,1302550.0,GA-667,Gwinnett County,Head Elementary School,1801 Hewatt Rd SW,,Lilburn,GA,30047.0,    ,(770)972-8050,Not Virtual,PK,05,Elementary,1.0,Regular School,Currently operational ,21-Suburb: Large,Gwinnett County,13135,284.0,218.0,66.0,25.0,5.0,118.0,104.0,135.0,123.0,138.0,129.0,,,,,,,,,,,388.0,364.0,752.0,752.0,51.4000015258789,14.63,2.0,0.0,2.0,59.0,71.0,130.0,116.0,102.0,218.0,0.0,1.0,1.0,61.0,76.0,137.0,31.0,29.0,60.0,119.0,85.0,204.0,33.8543,-84.0649,Public,,,,,,,,,,,,,,
-84.0724999999999,33.8258000000001,25150,130255001910.0,2022-2023,GA,1302550.0,GA-667,Gwinnett County,Shiloh Middle School,4285 Shiloh Rd,,Snellville,GA,30039.0,    ,(770)972-3224,Not Virtual,06,08,Middle,1.0,Regular School,Currently operational ,21-Suburb: Large,Gwinnett County,13135,1307.0,1137.0,170.0,171.0,,,,,,,,557.0,551.0,630.0,,,,,,,,922.0,816.0,1738.0,1738.0,115.099998474121,15.1,1.0,4.0,5.0,38.0,24.0,62.0,556.0,502.0,1058.0,0.0,2.0,2.0,251.0,212.0,463.0,32.0,39.0,71.0,44.0,33.0,77.0,33.8258,-84.0725,Public,,,,,,,,,,,,,,
-84.186256,33.9777060000001,25151,130255001931.0,2022-2023,GA,1302550.0,GA-667,Gwinnett County,Berkeley Lake Elementary School,4300 S Berkeley Lake Rd NW,,Duluth,GA,30096.0,    ,(770)446-0947,Not Virtual,PK,05,Elementary,1.0,Regular School,Currently operational ,21-Suburb: Large,Gwinnett County,13135,427.0,353.0,74.0,35.0,25.0,117.0,137.0,142.0,131.0,133.0,134.0,,,,,,,,,,,417.0,402.0,819.0,819.0,64.0,12.8,0.0,0.0,0.0,51.0,54.0,105.0,70.0,63.0,133.0,1.0,1.0,2.0,193.0,175.0,368.0,16.0,23.0,39.0,86.0,86.0,172.0,33.977706,-84.186256,Public,,,,,,,,,,,,,,
-84.0697,33.8236000000001,25152,130255001937.0,2022-2023,GA,1302550.0,GA-667,Gwinnett County,Shiloh High School,4210 Shiloh Rd,,Snellville,GA,30039.0,    ,(770)972-8471,Not Virtual,09,12,High,1.0,Regular School,Currently operational ,21-Suburb: Large,Gwinnett County,13135,1426.0,1156.0,270.0,141.0,,,,,,,,,,,643.0,636.0,473.0,451.0,,,,1200.0,1003.0,2203.0,2203.0,134.199996948242,16.42,1.0,1.0,2.0,35.0,43.0,78.0,804.0,672.0,1476.0,0.0,1.0,1.0,294.0,218.0,512.0,27.0,34.0,61.0,39.0,34.0,73.0,33.8236,-84.0697,Public,,,,,,,,,,,,,,
-84.147399999,33.9079,25153,130255001938.0,2022-2023,GA,1302550.0,GA-667,Gwinnett County,Hopkins Elementary School,1315 Dickens Rd NW,,Lilburn,GA,30047.0,    ,(770)564-2661,Not Virtual,PK,05,Elementary,1.0,Regular School,Currently operational ,21-Suburb: Large,Gwinnett County,13135,925.0,810.0,115.0,104.0,34.0,183.0,176.0,171.0,159.0,165.0,197.0,,,,,,,,,,,539.0,546.0,1085.0,1085.0,85.6999969482422,12.66,1.0,1.0,2.0,36.0,21.0,57.0,53.0,40.0,93.0,0.0,2.0,2.0,418.0,455.0,873.0,8.0,10.0,18.0,23.0,17.0,40.0,33.9079,-84.1474,Public,,,,,,,,,,,,,,
-84.228941,33.9846600000001,25154,130255001960.0,2022-2023,GA,1302550.0,GA-667,Gwinnett County,Pinckneyville Middle School,5440 W Jones Bridge Rd,,Peachtree Corners,GA,30092.0,    ,(770)263-0860,Not Virtual,06,08,Middle,1.0,Regular School,Currently operational ,21-Suburb: Large,Gwinnett County,13135,635.0,542.0,93.0,85.0,,,,,,,,427.0,394.0,385.0,,,,,,,,618.0,588.0,1206.0,1206.0,83.0,14.53,1.0,1.0,2.0,26.0,39.0,65.0,170.0,186.0,356.0,2.0,1.0,3.0,209.0,209.0,418.0,29.0,18.0,47.0,181.0,134.0,315.0,33.98466,-84.228941,Public,,,,,,,,,,,,,,
-84.0420999999999,33.8806000000001,25155,130255001961.0,2022-2023,GA,1302550.0,GA-667,Gwinnett County,Brookwood Elementary School,1330 Holly Brook Rd,,Snellville,GA,30078.0,    ,(770)736-4360,Not Virtual,PK,05,Elementary,1.0,Regular School,Currently operational ,21-Suburb: Large,Gwinnett County,13135,534.0,408.0,126.0,43.0,4.0,215.0,232.0,207.0,257.0,273.0,273.0,,,,,,,,,,,762.0,699.0,1461.0,1461.0,96.1999969482422,15.19,4.0,5.0,9.0,149.0,138.0,287.0,264.0,244.0,508.0,1.0,0.0,1.0,118.0,106.0,224.0,38.0,36.0,74.0,188.0,170.0,358.0,33.8806,-84.0421,Public,,,,,,,,,,,,,,
-84.1484,33.9228000000001,25156,130255001980.0,2022-2023,GA,1302550.0,GA-667,Gwinnett County,Meadowcreek High School,4455 Steve Reynolds Blvd,,Norcross,GA,30093.0,    ,(770)381-9680,Not Virtual,09,12,High,1.0,Regular School,Currently operational ,21-Suburb: Large,Gwinnett County,13135,2109.0,1827.0,282.0,184.0,,,,,,,,,,,862.0,739.0,560.0,502.0,,,,1493.0,1170.0,2663.0,2663.0,184.100006103516,14.46,1.0,0.0,1.0,80.0,55.0,135.0,254.0,205.0,459.0,2.0,0.0,2.0,1115.0,878.0,1993.0,14.0,14.0,28.0,27.0,18.0,45.0,33.9228,-84.1484,Public,,,,,,,,,,,,,,
-84.0094,33.8099,25157,130255001981.0,2022-2023,GA,1302550.0,GA-667,Gwinnett County,Norton Elementary School,3050 Xavier Ray Ct,,Snellville,GA,30039.0,    ,(770)985-1933,Not Virtual,PK,05,Elementary,1.0,Regular School,Currently operational ,21-Suburb: Large,Gwinnett County,13135,730.0,626.0,104.0,134.0,47.0,146.0,144.0,141.0,155.0,161.0,158.0,,,,,,,,,,,510.0,442.0,952.0,952.0,66.8000030517578,14.25,0.0,2.0,2.0,12.0,11.0,23.0,343.0,296.0,639.0,0.0,0.0,0.0,106.0,90.0,196.0,27.0,23.0,50.0,22.0,20.0,42.0,33.8099,-84.0094,Public,,,,,,,,,,,,,,
-84.0202,33.927800001,25158,130255002004.0,2022-2023,GA,1302550.0,GA-667,Gwinnett County,Richards Middle School,3555 Sugarloaf Pkwy,,Lawrenceville,GA,30044.0,    ,(770)995-7133,Not Virtual,06,08,Middle,1.0,Regular School,Currently operational ,21-Suburb: Large,Gwinnett County,13135,1587.0,1303.0,284.0,107.0,,,,,,,,654.0,644.0,688.0,,,,,,,,993.0,993.0,1986.0,1986.0,127.400001525879,15.59,2.0,2.0,4.0,67.0,80.0,147.0,288.0,291.0,579.0,2.0,0.0,2.0,552.0,559.0,1111.0,26.0,20.0,46.0,56.0,41.0,97.0,33.9278,-84.0202,Public,,,,,,,,,,,,,,
-84.1290999999999,33.9177,25159,130255002005.0,2022-2023,GA,1302550.0,GA-667,Gwinnett County,Minor Elementary School,4129 Shady Dr NW,,Lilburn,GA,30047.0,    ,(770)925-9543,Not Virtual,PK,05,Elementary,1.0,Regular School,Currently operational ,21-Suburb: Large,Gwinnett County,13135,718.0,623.0,95.0,68.0,33.0,132.0,155.0,140.0,137.0,135.0,167.0,,,,,,,,,,,445.0,454.0,899.0,899.0,76.4000015258789,11.77,3.0,2.0,5.0,41.0,43.0,84.0,94.0,102.0,196.0,0.0,0.0,0.0,270.0,270.0,540.0,13.0,9.0,22.0,24.0,28.0,52.0,33.9177,-84.1291,Public,,,,,,,,,,,,,,
-84.0049999999999,33.9633000000001,25160,130255002039.0,2022-2023,GA,1302550.0,GA-667,Gwinnett County,Phoenix High School,501 W Pike St,,Lawrenceville,GA,30046.0,    ,(770)513-6862,Not Virtual,09,12,High,1.0,Alternative Education School,Currently operational ,21-Suburb: Large,Gwinnett County,13135,224.0,199.0,25.0,29.0,,,,,,,,,,,39.0,152.0,270.0,301.0,,,,372.0,390.0,762.0,762.0,34.0,22.41,1.0,3.0,4.0,14.0,9.0,23.0,123.0,103.0,226.0,0.0,0.0,0.0,207.0,247.0,454.0,6.0,8.0,14.0,21.0,20.0,41.0,33.9633,-84.005,Public,,,,,,,,,,,,,,
-84.026899999,33.9776000000001,25161,130255002040.0,2022-2023,GA,1302550.0,GA-667,Gwinnett County,McKendree Elementary School,1600 Riverside Pkwy,,Lawrenceville,GA,30043.0,    ,(678)377-8933,Not Virtual,PK,05,Elementary,1.0,Regular School,Currently operational ,21-Suburb: Large,Gwinnett County,13135,679.0,539.0,140.0,102.0,42.0,162.0,153.0,146.0,167.0,175.0,168.0,,,,,,,,,,,510.0,503.0,1013.0,1013.0,75.9000015258789,13.35,0.0,0.0,0.0,43.0,41.0,84.0,207.0,185.0,392.0,0.0,0.0,0.0,158.0,180.0,338.0,36.0,27.0,63.0,66.0,70.0,136.0,33.9776,-84.0269,Public,,,,,,,,,,,,,,
-84.022299999,33.9273000000001,25162,130255002041.0,2022-2023,GA,1302550.0,GA-667,Gwinnett County,Cedar Hill Elementary School,3615 Sugarloaf Pkwy,,Lawrenceville,GA,30044.0,    ,(770)962-5015,Not Virtual,PK,05,Elementary,1.0,Regular School,Currently operational ,21-Suburb: Large,Gwinnett County,13135,704.0,561.0,143.0,84.0,5.0,120.0,154.0,153.0,148.0,150.0,170.0,,,,,,,,,,,463.0,437.0,900.0,900.0,65.5,13.74,3.0,2.0,5.0,46.0,32.0,78.0,146.0,153.0,299.0,0.0,0.0,0.0,214.0,205.0,419.0,18.0,15.0,33.0,36.0,30.0,66.0,33.9273,-84.0223,Public,,,,,,,,,,,,,,
-84.147499999,34.0183000000001,25163,130255002082.0,2022-2023,GA,1302550.0,GA-667,Gwinnett County,Chattahoochee Elementary School,2930 Albion Farm Rd,,Duluth,GA,30097.0,    ,(770)497-9907,Not Virtual,PK,05,Elementary,1.0,Regular School,Currently operational ,21-Suburb: Large,Gwinnett County,13135,466.0,341.0,125.0,42.0,24.0,149.0,182.0,182.0,202.0,190.0,178.0,,,,,,,,,,,548.0,559.0,1107.0,1107.0,83.0,13.34,1.0,0.0,1.0,95.0,89.0,184.0,176.0,176.0,352.0,0.0,0.0,0.0,132.0,132.0,264.0,26.0,46.0,72.0,118.0,116.0,234.0,34.0183,-84.1475,Public,,,,,,,,,,,,,,
-83.9034,33.9998000000001,25164,130255002125.0,2022-2023,GA,1302550.0,GA-667,Gwinnett County,Dacula Elementary School,2500 Fence Rd,,Dacula,GA,30019.0,    ,(770)963-7174,Not Virtual,PK,05,Elementary,1.0,Regular School,Currently operational ,21-Suburb: Large,Gwinnett County,13135,665.0,515.0,150.0,72.0,23.0,159.0,159.0,205.0,220.0,203.0,219.0,,,,,,,,,,,598.0,590.0,1188.0,1188.0,82.0999984741211,14.47,0.0,0.0,0.0,28.0,33.0,61.0,190.0,208.0,398.0,1.0,1.0,2.0,169.0,159.0,328.0,38.0,45.0,83.0,172.0,144.0,316.0,33.9998,-83.9034,Public,,,,,,,,,,,,,,
-84.0758,33.8284,25165,130255002126.0,2022-2023,GA,1302550.0,GA-667,Gwinnett County,Shiloh Elementary School,2400 Ross Rd,,Snellville,GA,30039.0,    ,(770)985-6883,Not Virtual,PK,05,Elementary,1.0,Regular School,Currently operational ,21-Suburb: Large,Gwinnett County,13135,555.0,465.0,90.0,102.0,15.0,123.0,100.0,125.0,121.0,130.0,105.0,,,,,,,,,,,379.0,340.0,719.0,719.0,58.7999992370605,12.23,2.0,0.0,2.0,35.0,24.0,59.0,208.0,190.0,398.0,0.0,0.0,0.0,83.0,86.0,169.0,22.0,14.0,36.0,29.0,26.0,55.0,33.8284,-84.0758,Public,,,,,,,,,,,,,,
-84.0055,33.8906000000001,25166,130255002176.0,2022-2023,GA,1302550.0,GA-667,Gwinnett County,Pharr Elementary School,1500 North Rd,,Snellville,GA,30078.0,    ,(770)985-0244,Not Virtual,PK,05,Elementary,1.0,Regular School,Currently operational ,21-Suburb: Large,Gwinnett County,13135,413.0,325.0,88.0,46.0,61.0,111.0,131.0,133.0,112.0,118.0,124.0,,,,,,,,,,,412.0,378.0,790.0,790.0,62.0999984741211,12.72,0.0,2.0,2.0,44.0,33.0,77.0,173.0,139.0,312.0,0.0,2.0,2.0,121.0,100.0,221.0,16.0,27.0,43.0,58.0,75.0,133.0,33.8906,-84.0055,Public,,,,,,,,,,,,,,
-84.0088,33.9071000000001,25167,130255002196.0,2022-2023,GA,1302550.0,GA-667,Gwinnett County,Crews Middle School,1000 Old Snellville Hwy,,Lawrenceville,GA,30044.0,    ,(770)982-6940,Not Virtual,06,08,Middle,1.0,Regular School,Currently operational ,21-Suburb: Large,Gwinnett County,13135,466.0,351.0,115.0,41.0,,,,,,,,457.0,478.0,486.0,,,,,,,,700.0,721.0,1421.0,1421.0,85.0,16.72,1.0,5.0,6.0,139.0,130.0,269.0,249.0,235.0,484.0,1.0,1.0,2.0,101.0,108.0,209.0,29.0,37.0,66.0,180.0,205.0,385.0,33.9071,-84.0088,Public,,,,,,,,,,,,,,
-84.1188999999999,33.9963000000001,25168,130255002197.0,2022-2023,GA,1302550.0,GA-667,Gwinnett County,Mason Elementary School,3030 Bunten Rd,,Duluth,GA,30096.0,    ,(770)232-3370,Not Virtual,PK,05,Elementary,1.0,Regular School,Currently operational ,21-Suburb: Large,Gwinnett County,13135,374.0,283.0,91.0,62.0,3.0,139.0,147.0,167.0,172.0,158.0,177.0,,,,,,,,,,,509.0,454.0,963.0,963.0,64.0,15.05,1.0,4.0,5.0,172.0,159.0,331.0,164.0,129.0,293.0,0.0,1.0,1.0,89.0,67.0,156.0,19.0,33.0,52.0,64.0,61.0,125.0,33.9963,-84.1189,Public,,,,,,,,,,,,,,
-84.0535,33.7939000010001,25169,130255002211.0,2022-2023,GA,1302550.0,GA-667,Gwinnett County,Partee Elementary School,4350 Campbell Rd,,Snellville,GA,30039.0,    ,(770)982-6920,Not Virtual,PK,05,Elementary,1.0,Regular School,Currently operational ,21-Suburb: Large,Gwinnett County,13135,532.0,438.0,94.0,86.0,31.0,121.0,122.0,125.0,136.0,117.0,101.0,,,,,,,,,,,396.0,357.0,753.0,753.0,59.7000007629395,12.61,1.0,0.0,1.0,27.0,19.0,46.0,264.0,240.0,504.0,0.0,0.0,0.0,74.0,67.0,141.0,17.0,16.0,33.0,13.0,15.0,28.0,33.7939,-84.0535,Public,,,,,,,,,,,,,,
-83.9958,34.0104000000001,25170,130255002214.0,2022-2023,GA,1302550.0,GA-667,Gwinnett County,Taylor Elementary School,600 Taylor School Dr,,Lawrenceville,GA,30043.0,    ,(770)338-4680,Not Virtual,PK,05,Elementary,1.0,Regular School,Currently operational ,21-Suburb: Large,Gwinnett County,13135,474.0,345.0,129.0,40.0,4.0,150.0,137.0,133.0,153.0,148.0,148.0,,,,,,,,,,,460.0,413.0,873.0,873.0,62.0999984741211,14.06,1.0,1.0,2.0,49.0,39.0,88.0,146.0,126.0,272.0,1.0,1.0,2.0,137.0,118.0,255.0,34.0,30.0,64.0,92.0,98.0,190.0,34.0104,-83.9958,Public,,,,,,,,,,,,,,
-84.1663,33.9216000010001,25171,130255002267.0,2022-2023,GA,1302550.0,GA-667,Gwinnett County,Meadowcreek Elementary School,5025 Georgia Belle Ct,,Norcross,GA,30093.0,    ,(770)931-5701,Not Virtual,PK,05,Elementary,1.0,Regular School,Currently operational ,21-Suburb: Large,Gwinnett County,13135,755.0,655.0,100.0,86.0,21.0,135.0,180.0,119.0,119.0,146.0,119.0,,,,,,,,,,,469.0,370.0,839.0,839.0,75.9000015258789,11.05,4.0,2.0,6.0,17.0,16.0,33.0,74.0,54.0,128.0,1.0,0.0,1.0,355.0,287.0,642.0,11.0,7.0,18.0,7.0,4.0,11.0,33.9216,-84.1663,Public,,,,,,,,,,,,,,
-84.0067999999999,34.0499,25172,130255002322.0,2022-2023,GA,1302550.0,GA-667,Gwinnett County,Rock Springs Elementary School,888 Rock Springs Rd,,Lawrenceville,GA,30043.0,    ,(770)932-7474,Not Virtual,PK,05,Elementary,1.0,Regular School,Currently operational ,21-Suburb: Large,Gwinnett County,13135,357.0,255.0,102.0,39.0,24.0,134.0,145.0,108.0,123.0,104.0,111.0,,,,,,,,,,,368.0,381.0,749.0,749.0,57.9000015258789,12.94,2.0,1.0,3.0,53.0,42.0,95.0,101.0,129.0,230.0,1.0,1.0,2.0,119.0,103.0,222.0,25.0,28.0,53.0,67.0,77.0,144.0,34.0499,-84.0068,Public,,,,,,,,,,,,,,
-83.9389,34.0305000000001,25173,130255002323.0,2022-2023,GA,1302550.0,GA-667,Gwinnett County,Freeman's Mill Elementary School,2303 Old Peachtree Rd,,Lawrenceville,GA,30043.0,    ,(678)377-8955,Not Virtual,PK,05,Elementary,1.0,Regular School,Currently operational ,21-Suburb: Large,Gwinnett County,13135,425.0,327.0,98.0,54.0,4.0,162.0,145.0,205.0,171.0,171.0,199.0,,,,,,,,,,,541.0,516.0,1057.0,1057.0,69.6999969482422,15.16,0.0,4.0,4.0,87.0,69.0,156.0,138.0,144.0,282.0,0.0,0.0,0.0,124.0,111.0,235.0,42.0,35.0,77.0,150.0,153.0,303.0,34.0305,-83.9389,Public,,,,,,,,,,,,,,
-84.2311999999999,33.9440000000001,25174,130255002324.0,2022-2023,GA,1302550.0,GA-667,Gwinnett County,Stripling Elementary School,6155 Atlantic Blvd,,Norcross,GA,30071.0,    ,(770)582-7577,Not Virtual,PK,05,Elementary,1.0,Regular School,Currently operational ,21-Suburb: Large,Gwinnett County,13135,662.0,578.0,84.0,130.0,23.0,116.0,145.0,142.0,125.0,120.0,116.0,,,,,,,,,,,419.0,368.0,787.0,787.0,63.0,12.49,1.0,1.0,2.0,5.0,3.0,8.0,174.0,157.0,331.0,1.0,0.0,1.0,206.0,172.0,378.0,16.0,20.0,36.0,16.0,15.0,31.0,33.944,-84.2312,Public,,,,,,,,,,,,,,
-84.097,34.0937000000001,25175,130255002325.0,2022-2023,GA,1302550.0,GA-667,Gwinnett County,Riverside Elementary School,5445 Settles Bridge Rd,,Suwanee,GA,30024.0,    ,(678)482-1000,Not Virtual,PK,05,Elementary,1.0,Regular School,Currently operational ,21-Suburb: Large,Gwinnett County,13135,113.0,75.0,38.0,15.0,6.0,110.0,139.0,179.0,152.0,193.0,188.0,,,,,,,,,,,516.0,451.0,967.0,967.0,67.5999984741211,14.3,2.0,0.0,2.0,169.0,202.0,371.0,57.0,42.0,99.0,1.0,0.0,1.0,41.0,36.0,77.0,26.0,25.0,51.0,220.0,146.0,366.0,34.0937,-84.097,Public,,,,,,,,,,,,,,
-83.9238999999999,33.8686000000001,25176,130255002387.0,2022-2023,GA,1302550.0,GA-667,Gwinnett County,Grayson High School,50 Hope Hollow Rd,,Loganville,GA,30052.0,    ,(770)554-1071,Not Virtual,09,12,High,1.0,Regular School,Currently operational ,21-Suburb: Large,Gwinnett County,13135,1387.0,1020.0,367.0,125.0,,,,,,,,,,,894.0,845.0,822.0,723.0,,,,1661.0,1623.0,3284.0,3284.0,192.600006103516,17.05,7.0,3.0,10.0,105.0,97.0,202.0,938.0,925.0,1863.0,2.0,4.0,6.0,306.0,282.0,588.0,75.0,88.0,163.0,228.0,224.0,452.0,33.8686,-83.9239,Public,,,,,,,,,,,,,,
-84.1231,33.936400001,25177,130255002898.0,2022-2023,GA,1302550.0,GA-667,Gwinnett County,Corley Elementary School,1331 Pleasant Hill Rd,,Lawrenceville,GA,30044.0,    ,(678)924-5330,Not Virtual,PK,05,Elementary,1.0,Regular School,Currently operational ,21-Suburb: Large,Gwinnett County,13135,957.0,823.0,134.0,84.0,24.0,182.0,174.0,186.0,166.0,186.0,178.0,,,,,,,,,,,537.0,559.0,1096.0,1096.0,85.5999984741211,12.8,1.0,2.0,3.0,17.0,25.0,42.0,130.0,133.0,263.0,0.0,0.0,0.0,364.0,375.0,739.0,13.0,11.0,24.0,12.0,13.0,25.0,33.9364,-84.1231,Public,,,,,,,,,,,,,,
-83.9363999999999,34.0970999990001,25178,130255002899.0,2022-2023,GA,1302550.0,GA-667,Gwinnett County,Ivy Creek Elementary School,3443 Ridge Rd,,Buford,GA,30519.0,    ,(678)714-3655,Not Virtual,PK,05,Elementary,1.0,Regular School,Currently operational ,21-Suburb: Large,Gwinnett County,13135,475.0,371.0,104.0,45.0,33.0,223.0,262.0,266.0,271.0,252.0,265.0,,,,,,,,,,,802.0,770.0,1572.0,1572.0,96.5999984741211,16.27,1.0,3.0,4.0,176.0,142.0,318.0,161.0,155.0,316.0,1.0,0.0,1.0,177.0,161.0,338.0,38.0,47.0,85.0,248.0,262.0,510.0,34.0971,-83.9364,Public,,,,,,,,,,,,,,
-84.0448,34.1256000000001,25179,130255002900.0,2022-2023,GA,1302550.0,GA-667,Gwinnett County,Sycamore Elementary School,5695 Sycamore Rd,,Sugar Hill,GA,30518.0,    ,(678)714-5770,Not Virtual,PK,05,Elementary,1.0,Regular School,Currently operational ,21-Suburb: Large,Gwinnett County,13135,449.0,357.0,92.0,48.0,47.0,117.0,121.0,126.0,119.0,140.0,111.0,,,,,,,,,,,418.0,363.0,781.0,781.0,63.0,12.4,0.0,1.0,1.0,26.0,28.0,54.0,82.0,63.0,145.0,0.0,1.0,1.0,168.0,165.0,333.0,28.0,16.0,44.0,114.0,89.0,203.0,34.1256,-84.0448,Public,,,,,,,,,,,,,,
-83.9134999999999,33.8916,25180,130255002901.0,2022-2023,GA,1302550.0,GA-667,Gwinnett County,Cooper Elementary School,555 Ozora Rd,,Loganville,GA,30052.0,    ,(770)554-7050,Not Virtual,PK,05,Elementary,1.0,Regular School,Currently operational ,21-Suburb: Large,Gwinnett County,13135,728.0,548.0,180.0,86.0,8.0,217.0,213.0,259.0,247.0,250.0,253.0,,,,,,,,,,,766.0,681.0,1447.0,1447.0,99.5,14.54,0.0,1.0,1.0,28.0,15.0,43.0,409.0,397.0,806.0,1.0,0.0,1.0,115.0,87.0,202.0,43.0,48.0,91.0,170.0,133.0,303.0,33.8916,-83.9135,Public,,,,,,,,,,,,,,
-84.0910000009999,34.0137,25181,130255002902.0,2022-2023,GA,1302550.0,GA-667,Gwinnett County,Parsons Elementary School,1615 Old Peachtree Rd NW,,Suwanee,GA,30024.0,    ,(678)957-3050,Not Virtual,PK,05,Elementary,1.0,Regular School,Currently operational ,21-Suburb: Large,Gwinnett County,13135,235.0,181.0,54.0,28.0,41.0,126.0,139.0,157.0,142.0,119.0,144.0,,,,,,,,,,,456.0,412.0,868.0,868.0,69.5,12.49,0.0,1.0,1.0,210.0,184.0,394.0,91.0,94.0,185.0,0.0,0.0,0.0,49.0,60.0,109.0,24.0,24.0,48.0,82.0,49.0,131.0,34.0137,-84.091,Public,,,,,,,,,,,,,,
-84.0873,34.0131000000001,25182,130255002903.0,2022-2023,GA,1302550.0,GA-667,Gwinnett County,Peachtree Ridge High School,1555 Old Peachtree Rd NW,,Suwanee,GA,30024.0,    ,(678)957-3100,Not Virtual,09,12,High,1.0,Regular School,Currently operational ,21-Suburb: Large,Gwinnett County,13135,1234.0,900.0,334.0,94.0,,,,,,,,,,,815.0,837.0,832.0,816.0,,,,1638.0,1662.0,3300.0,3300.0,176.100006103516,18.74,0.0,3.0,3.0,430.0,455.0,885.0,527.0,504.0,1031.0,1.0,2.0,3.0,392.0,421.0,813.0,68.0,61.0,129.0,220.0,216.0,436.0,34.0131,-84.0873,Public,,,,,,,,,,,,,,
-84.070805,33.9254240000001,25183,130255002904.0,2022-2023,GA,1302550.0,GA-667,Gwinnett County,Alford Elementary,2625 Lawrenceville Hwy,,Lawrenceville,GA,30044.0,    ,(678)924-5300,Not Virtual,PK,05,Elementary,1.0,Regular School,Currently operational ,21-Suburb: Large,Gwinnett County,13135,709.0,570.0,139.0,74.0,13.0,139.0,133.0,128.0,138.0,154.0,191.0,,,,,,,,,,,450.0,446.0,896.0,896.0,65.5,13.68,1.0,1.0,2.0,43.0,38.0,81.0,95.0,98.0,193.0,0.0,0.0,0.0,253.0,273.0,526.0,12.0,11.0,23.0,46.0,25.0,71.0,33.925424,-84.070805,Public,,,,,,,,,,,,,,
-83.8715999999999,34.0758000010001,25184,130255002905.0,2022-2023,GA,1302550.0,GA-667,Gwinnett County,Duncan Creek Elementary,4500 Braselton Hwy,,Hoschton,GA,30548.0,    ,(678)714-5800,Not Virtual,PK,05,Elementary,1.0,Regular School,Currently operational ,21-Suburb: Large,Gwinnett County,13135,410.0,299.0,111.0,45.0,18.0,192.0,210.0,224.0,227.0,260.0,266.0,,,,,,,,,,,728.0,669.0,1397.0,1397.0,85.6999969482422,16.3,3.0,0.0,3.0,103.0,114.0,217.0,153.0,149.0,302.0,1.0,2.0,3.0,120.0,102.0,222.0,43.0,39.0,82.0,305.0,263.0,568.0,34.0758,-83.8716,Public,,,,,,,,,,,,,,
-83.8783,34.0791,25185,130255003376.0,2022-2023,GA,1302550.0,GA-667,Gwinnett County,Mill Creek High School,4400 Braselton Hwy,,Hoschton,GA,30548.0,    ,(678)714-5850,Not Virtual,09,12,High,1.0,Regular School,Currently operational ,21-Suburb: Large,Gwinnett County,13135,633.0,446.0,187.0,57.0,,,,,,,,,,,699.0,686.0,700.0,754.0,,,,1395.0,1444.0,2839.0,2839.0,165.899993896484,17.11,3.0,4.0,7.0,151.0,128.0,279.0,347.0,314.0,661.0,2.0,1.0,3.0,193.0,203.0,396.0,71.0,72.0,143.0,628.0,722.0,1350.0,34.0791,-83.8783,Public,,,,,,,,,,,,,,
-83.8729670009999,34.0780140000001,25186,130255003380.0,2022-2023,GA,1302550.0,GA-667,Gwinnett County,Osborne Middle School,4404 Braselton Hwy,,Hoschton,GA,30548.0,    ,(770)904-5400,Not Virtual,06,08,Middle,1.0,Regular School,Currently operational ,21-Suburb: Large,Gwinnett County,13135,422.0,292.0,130.0,44.0,,,,,,,,508.0,571.0,588.0,,,,,,,,849.0,818.0,1667.0,1667.0,106.599998474121,15.64,2.0,1.0,3.0,114.0,100.0,214.0,189.0,198.0,387.0,1.0,3.0,4.0,144.0,137.0,281.0,38.0,38.0,76.0,361.0,341.0,702.0,34.078014,-83.872967,Public,,,,,,,,,,,,,,
-83.8633,34.0316,25187,130255003381.0,2022-2023,GA,1302550.0,GA-667,Gwinnett County,Mulberry Elementary School,442 E Union Grove Cir,,Auburn,GA,30011.0,    ,(678)226-7460,Not Virtual,PK,05,Elementary,1.0,Regular School,Currently operational ,41-Rural: Fringe,Gwinnett County,13135,298.0,234.0,64.0,48.0,31.0,102.0,100.0,120.0,123.0,122.0,112.0,,,,,,,,,,,368.0,342.0,710.0,710.0,54.5,13.03,1.0,0.0,1.0,20.0,19.0,39.0,137.0,119.0,256.0,0.0,0.0,0.0,85.0,73.0,158.0,21.0,23.0,44.0,104.0,108.0,212.0,34.0316,-83.8633,Public,,,,,,,,,,,,,,
-83.922052,33.9231520000001,25188,130255003382.0,2022-2023,GA,1302550.0,GA-667,Gwinnett County,Lovin Elementary School,1705 New Hope Rd,,Lawrenceville,GA,30045.0,    ,(678)518-6940,Not Virtual,PK,05,Elementary,1.0,Regular School,Currently operational ,21-Suburb: Large,Gwinnett County,13135,563.0,450.0,113.0,74.0,54.0,131.0,141.0,152.0,144.0,134.0,137.0,,,,,,,,,,,456.0,437.0,893.0,893.0,72.0,12.4,0.0,1.0,1.0,13.0,11.0,24.0,249.0,254.0,503.0,2.0,1.0,3.0,115.0,101.0,216.0,17.0,19.0,36.0,60.0,50.0,110.0,33.923152,-83.922052,Public,,,,,,,,,,,,,,
-84.1285,33.9038,25189,130255003385.0,2022-2023,GA,1302550.0,GA-667,Gwinnett County,Berkmar Middle School,4355 Lawrenceville Hwy NW,,Lilburn,GA,30047.0,    ,(770)638-2300,Not Virtual,06,08,Middle,1.0,Regular School,Currently operational ,21-Suburb: Large,Gwinnett County,13135,967.0,820.0,147.0,57.0,,,,,,,,346.0,356.0,382.0,,,,,,,,561.0,523.0,1084.0,1084.0,79.5,13.64,1.0,0.0,1.0,44.0,37.0,81.0,93.0,87.0,180.0,0.0,0.0,0.0,398.0,380.0,778.0,6.0,9.0,15.0,19.0,10.0,29.0,33.9038,-84.1285,Public,,,,,,,,,,,,,,
-83.9372,34.1032999990001,25190,130255003388.0,2022-2023,GA,1302550.0,GA-667,Gwinnett County,Jones Middle School,3575 Ridge Rd,,Buford,GA,30519.0,    ,(770)904-5450,Not Virtual,06,08,Middle,1.0,Regular School,Currently operational ,21-Suburb: Large,Gwinnett County,13135,558.0,421.0,137.0,45.0,,,,,,,,514.0,554.0,494.0,,,,,,,,781.0,781.0,1562.0,1562.0,91.6999969482422,17.03,2.0,1.0,3.0,155.0,128.0,283.0,216.0,189.0,405.0,2.0,0.0,2.0,153.0,158.0,311.0,33.0,37.0,70.0,220.0,268.0,488.0,34.1033,-83.9372,Public,,,,,,,,,,,,,,
-83.957553,34.0891140000001,25191,130255003393.0,2022-2023,GA,1302550.0,GA-667,Gwinnett County,Patrick Elementary School,2707 Kilgore Rd,,Buford,GA,30519.0,    ,(678)765-5260,Not Virtual,PK,05,Elementary,1.0,Regular School,Currently operational ,21-Suburb: Large,Gwinnett County,13135,395.0,303.0,92.0,45.0,14.0,129.0,126.0,156.0,156.0,151.0,159.0,,,,,,,,,,,448.0,443.0,891.0,891.0,58.9000015258789,15.13,1.0,1.0,2.0,93.0,95.0,188.0,133.0,135.0,268.0,1.0,0.0,1.0,115.0,99.0,214.0,24.0,20.0,44.0,81.0,93.0,174.0,34.089114,-83.957553,Public,,,,,,,,,,,,,,
-83.8989,33.9684000010001,25192,130255003395.0,2022-2023,GA,1302550.0,GA-667,Gwinnett County,Alcova Elementary School,770 Ewing Chapel Rd,,Dacula,GA,30019.0,    ,(678)376-8500,Not Virtual,PK,05,Elementary,1.0,Regular School,Currently operational ,21-Suburb: Large,Gwinnett County,13135,924.0,715.0,209.0,83.0,3.0,203.0,242.0,214.0,242.0,249.0,283.0,,,,,,,,,,,719.0,717.0,1436.0,1436.0,98.4000015258789,14.59,1.0,1.0,2.0,35.0,37.0,72.0,379.0,386.0,765.0,1.0,1.0,2.0,185.0,193.0,378.0,35.0,31.0,66.0,83.0,68.0,151.0,33.9684,-83.8989,Public,,,,,,,,,,,,,,
-83.9992999999999,33.9262000000001,25193,130255003396.0,2022-2023,GA,1302550.0,GA-667,Gwinnett County,Winn Holt Elementary School,588 Old Snellville Hwy,,Lawrenceville,GA,30046.0,    ,(678)376-8600,Not Virtual,PK,05,Elementary,1.0,Regular School,Currently operational ,21-Suburb: Large,Gwinnett County,13135,761.0,656.0,105.0,105.0,5.0,152.0,166.0,204.0,172.0,183.0,173.0,,,,,,,,,,,559.0,496.0,1055.0,1055.0,83.4000015258789,12.65,0.0,0.0,0.0,55.0,45.0,100.0,170.0,156.0,326.0,2.0,0.0,2.0,244.0,220.0,464.0,19.0,16.0,35.0,69.0,59.0,128.0,33.9262,-83.9993,Public,,,,,,,,,,,,,,
-84.071200001,34.0708000000001,25194,130255003397.0,2022-2023,GA,1302550.0,GA-667,Gwinnett County,Level Creek Elementary School,4488 Tench Rd,,Suwanee,GA,30024.0,    ,(770)904-7950,Not Virtual,PK,05,Elementary,1.0,Regular School,Currently operational ,21-Suburb: Large,Gwinnett County,13135,105.0,71.0,34.0,7.0,1.0,121.0,179.0,185.0,201.0,207.0,186.0,,,,,,,,,,,575.0,505.0,1080.0,1080.0,69.0999984741211,15.63,0.0,0.0,0.0,168.0,160.0,328.0,53.0,51.0,104.0,0.0,0.0,0.0,57.0,41.0,98.0,36.0,39.0,75.0,261.0,214.0,475.0,34.0708,-84.0712,Public,,,,,,,,,,,,,,
-84.139699999,33.9459000000001,25195,130255003398.0,2022-2023,GA,1302550.0,GA-667,Gwinnett County,Radloff Middle School,3939 Shackleford Rd,,Duluth,GA,30096.0,    ,(678)245-3400,Not Virtual,06,08,Middle,1.0,Regular School,Currently operational ,21-Suburb: Large,Gwinnett County,13135,1152.0,1025.0,127.0,133.0,,,,,,,,433.0,430.0,436.0,,,,,,,,671.0,628.0,1299.0,1299.0,102.699996948242,12.65,0.0,1.0,1.0,27.0,26.0,53.0,130.0,130.0,260.0,1.0,0.0,1.0,490.0,448.0,938.0,9.0,10.0,19.0,14.0,13.0,27.0,33.9459,-84.1397,Public,,,,,,,,,,,,,,
-84.1457,33.9595,25196,130255003399.0,2022-2023,GA,1302550.0,GA-667,Gwinnett County,Chesney Elementary School,3878 Old Norcross Rd,,Duluth,GA,30096.0,    ,(678)542-2300,Not Virtual,PK,05,Elementary,1.0,Regular School,Currently operational ,21-Suburb: Large,Gwinnett County,13135,861.0,715.0,146.0,90.0,4.0,199.0,171.0,195.0,175.0,149.0,196.0,,,,,,,,,,,562.0,527.0,1089.0,1089.0,79.5,13.7,2.0,0.0,2.0,46.0,26.0,72.0,130.0,136.0,266.0,1.0,0.0,1.0,339.0,329.0,668.0,15.0,18.0,33.0,29.0,18.0,47.0,33.9595,-84.1457,Public,,,,,,,,,,,,,,
-84.060288,33.952818,25197,130255003553.0,2022-2023,GA,1302550.0,GA-667,Gwinnett County,Gwinnett School of Mathematics- Science and Technology,970 Mcelvaney Ln,,Lawrenceville,GA,30044.0,    ,(678)518-6700,Not Virtual,09,12,High,1.0,Regular School,Currently operational ,21-Suburb: Large,Gwinnett County,13135,389.0,239.0,150.0,6.0,,,,,,,,,,,371.0,342.0,263.0,255.0,,,,679.0,552.0,1231.0,1231.0,74.5999984741211,16.5,2.0,1.0,3.0,331.0,247.0,578.0,140.0,164.0,304.0,3.0,0.0,3.0,70.0,48.0,118.0,37.0,18.0,55.0,96.0,74.0,170.0,33.952818,-84.060288,Public,,,,,,,,,,,,,,
-83.9998899999999,33.925914999,25198,130255003627.0,2022-2023,GA,1302550.0,GA-667,Gwinnett County,Oakland Meadow School,590 Old Snellville Hwy,,Lawrenceville,GA,30046.0,    ,(770)513-6800,Not Virtual,PK,12,Other,1.0,Regular School,Currently operational ,21-Suburb: Large,Gwinnett County,13135,20.0,17.0,3.0,3.0,1.0,1.0,4.0,2.0,3.0,,3.0,2.0,2.0,1.0,2.0,5.0,1.0,19.0,,,,26.0,20.0,46.0,46.0,70.1999969482422,0.66,0.0,0.0,0.0,2.0,3.0,5.0,8.0,5.0,13.0,1.0,0.0,1.0,11.0,10.0,21.0,0.0,0.0,0.0,4.0,2.0,6.0,33.925915,-83.99989,Public,,,,,,,,,,,,,,
-84.214235999,33.9564900010001,25199,130255003690.0,2022-2023,GA,1302550.0,GA-667,Gwinnett County,Gwinnett Intervention Education Center (GIVE) West,5550 Peachtree Industrial Blvd,,Norcross,GA,30071.0,    ,(770)246-5300,Not Virtual,06,12,High,1.0,Regular School,Currently operational ,21-Suburb: Large,Gwinnett County,13135,148.0,131.0,17.0,21.0,,,,,,,,2.0,13.0,29.0,65.0,53.0,42.0,16.0,,,,161.0,59.0,220.0,220.0,36.0,6.11,0.0,0.0,0.0,4.0,0.0,4.0,50.0,22.0,72.0,0.0,0.0,0.0,89.0,35.0,124.0,4.0,1.0,5.0,14.0,1.0,15.0,33.95649,-84.214236,Public,,,,,,,,,,,,,,
-84.065636,34.1482980000001,25200,130255003738.0,2022-2023,GA,1302550.0,GA-667,Gwinnett County,Lanier Middle School,6482 Suwanee Dam Rd,,Sugar Hill,GA,30518.0,    ,(770)945-8419,Not Virtual,06,08,Middle,1.0,Regular School,Currently operational ,21-Suburb: Large,Gwinnett County,13135,622.0,466.0,156.0,67.0,,,,,,,,424.0,441.0,484.0,,,,,,,,677.0,672.0,1349.0,1349.0,89.6999969482422,15.04,2.0,0.0,2.0,67.0,54.0,121.0,131.0,136.0,267.0,0.0,2.0,2.0,198.0,205.0,403.0,42.0,32.0,74.0,237.0,243.0,480.0,34.148298,-84.065636,Public,,,,,,,,,,,,,,
-83.964781,33.8186460000001,25201,130255003785.0,2022-2023,GA,1302550.0,GA-667,Gwinnett County,Rosebud Elementary School,4151 Rosebud Rd,,Loganville,GA,30052.0,    ,(678)639-3800,Not Virtual,PK,05,Elementary,1.0,Regular School,Currently operational ,21-Suburb: Large,Gwinnett County,13135,783.0,654.0,129.0,136.0,18.0,140.0,164.0,151.0,184.0,153.0,177.0,,,,,,,,,,,516.0,471.0,987.0,987.0,76.5,12.9,2.0,0.0,2.0,20.0,10.0,30.0,351.0,349.0,700.0,1.0,0.0,1.0,86.0,73.0,159.0,20.0,23.0,43.0,36.0,16.0,52.0,33.818646,-83.964781,Public,,,,,,,,,,,,,,
-83.960764,33.8722269990001,25202,130255003786.0,2022-2023,GA,1302550.0,GA-667,Gwinnett County,Trip Elementary School,841 Cooper Rd,,Grayson,GA,30017.0,    ,(678)639-3850,Not Virtual,PK,05,Elementary,1.0,Regular School,Currently operational ,21-Suburb: Large,Gwinnett County,13135,718.0,581.0,137.0,108.0,1.0,189.0,215.0,219.0,237.0,228.0,226.0,,,,,,,,,,,688.0,627.0,1315.0,1315.0,84.5999984741211,15.54,2.0,1.0,3.0,43.0,35.0,78.0,433.0,382.0,815.0,0.0,0.0,0.0,107.0,81.0,188.0,34.0,40.0,74.0,69.0,88.0,157.0,33.872227,-83.960764,Public,,,,,,,,,,,,,,
-84.029859,33.954593,25203,130255003813.0,2022-2023,GA,1302550.0,GA-667,Gwinnett County,Benefield Elementary School,1221 Old Norcross Rd,,Lawrenceville,GA,30046.0,    ,(770)962-3771,Not Virtual,PK,05,Elementary,1.0,Regular School,Currently operational ,21-Suburb: Large,Gwinnett County,13135,951.0,789.0,162.0,97.0,69.0,199.0,199.0,177.0,206.0,201.0,192.0,,,,,,,,,,,623.0,620.0,1243.0,1243.0,84.0,14.8,0.0,1.0,1.0,47.0,39.0,86.0,180.0,175.0,355.0,1.0,0.0,1.0,332.0,338.0,670.0,20.0,21.0,41.0,43.0,46.0,89.0,33.954593,-84.029859,Public,,,,,,,,,,,,,,
-83.932499,34.0648130000001,25204,130255003814.0,2022-2023,GA,1302550.0,GA-667,Gwinnett County,Puckett's Mill Elementary School,2442 S Pucketts Mill Rd,,Dacula,GA,30019.0,    ,(678)765-5110,Not Virtual,PK,05,Elementary,1.0,Regular School,Currently operational ,21-Suburb: Large,Gwinnett County,13135,169.0,123.0,46.0,25.0,4.0,105.0,115.0,123.0,142.0,130.0,161.0,,,,,,,,,,,397.0,383.0,780.0,780.0,57.2000007629395,13.64,1.0,1.0,2.0,45.0,51.0,96.0,62.0,76.0,138.0,1.0,1.0,2.0,52.0,48.0,100.0,26.0,26.0,52.0,210.0,180.0,390.0,34.064813,-83.932499,Public,,,,,,,,,,,,,,
-83.965815,33.9026089990001,25205,130255003835.0,2022-2023,GA,1302550.0,GA-667,Gwinnett County,Starling Elementary School,1725 Grayson Hwy,,Grayson,GA,30017.0,    ,(678)344-6100,Not Virtual,PK,05,Elementary,1.0,Regular School,Currently operational ,21-Suburb: Large,Gwinnett County,13135,523.0,374.0,149.0,68.0,14.0,154.0,186.0,162.0,194.0,185.0,208.0,,,,,,,,,,,549.0,554.0,1103.0,1103.0,76.1999969482422,14.48,0.0,2.0,2.0,56.0,65.0,121.0,253.0,267.0,520.0,2.0,1.0,3.0,108.0,102.0,210.0,32.0,41.0,73.0,98.0,76.0,174.0,33.902609,-83.965815,Public,,,,,,,,,,,,,,
-83.893516,33.916231001,25206,130255003838.0,2022-2023,GA,1302550.0,GA-667,Gwinnett County,Archer High School,2255 New Hope Rd,,Lawrenceville,GA,30045.0,    ,(678)407-7700,Not Virtual,09,12,High,1.0,Regular School,Currently operational ,21-Suburb: Large,Gwinnett County,13135,1353.0,1022.0,331.0,101.0,,,,,,,,,,,856.0,916.0,673.0,689.0,,,,1580.0,1554.0,3134.0,3134.0,161.399993896484,19.42,2.0,2.0,4.0,52.0,49.0,101.0,816.0,865.0,1681.0,1.0,1.0,2.0,304.0,294.0,598.0,58.0,69.0,127.0,347.0,274.0,621.0,33.916231,-83.893516,Public,,,,,,,,,,,,,,
-83.9605999999999,33.8727000000001,25207,130255003870.0,2022-2023,GA,1302550.0,GA-667,Gwinnett County,Bay Creek Middle School,821 Cooper Rd,,Grayson,GA,30017.0,    ,(678)344-7570,Not Virtual,06,08,Middle,1.0,Regular School,Currently operational ,21-Suburb: Large,Gwinnett County,13135,691.0,557.0,134.0,53.0,,,,,,,,425.0,442.0,463.0,,,,,,,,687.0,643.0,1330.0,1330.0,80.6999969482422,16.48,1.0,2.0,3.0,41.0,36.0,77.0,440.0,383.0,823.0,0.0,0.0,0.0,98.0,99.0,197.0,28.0,42.0,70.0,79.0,81.0,160.0,33.8727,-83.9606,Public,,,,,,,,,,,,,,
-83.988073,34.0251920010001,25208,130255003893.0,2022-2023,GA,1302550.0,GA-667,Gwinnett County,Woodward Mill Elementary School,2020 Buford Dr,,Lawrenceville,GA,30043.0,    ,(678)407-7590,Not Virtual,PK,05,Elementary,1.0,Regular School,Currently operational ,21-Suburb: Large,Gwinnett County,13135,482.0,376.0,106.0,67.0,33.0,161.0,163.0,169.0,162.0,160.0,172.0,,,,,,,,,,,541.0,479.0,1020.0,1020.0,69.9000015258789,14.59,0.0,1.0,1.0,74.0,56.0,130.0,110.0,116.0,226.0,0.0,0.0,0.0,175.0,145.0,320.0,41.0,19.0,60.0,141.0,142.0,283.0,34.025192,-83.988073,Public,,,,,,,,,,,,,,
-83.946516,34.04576,25209,130255003912.0,2022-2023,GA,1302550.0,GA-667,Gwinnett County,Twin Rivers Middle School,2300 Braselton Hwy,,Buford,GA,30519.0,    ,(678)407-7550,Not Virtual,06,08,Middle,1.0,Regular School,Currently operational ,21-Suburb: Large,Gwinnett County,13135,740.0,560.0,180.0,67.0,,,,,,,,537.0,524.0,555.0,,,,,,,,821.0,795.0,1616.0,1616.0,110.400001525879,14.64,2.0,1.0,3.0,96.0,79.0,175.0,242.0,228.0,470.0,0.0,2.0,2.0,235.0,238.0,473.0,37.0,35.0,72.0,209.0,212.0,421.0,34.04576,-83.946516,Public,,,,,,,,,,,,,,
-83.9515,34.0519,25210,130255003916.0,2022-2023,GA,1302550.0,GA-667,Gwinnett County,Mountain View High School,2351 Sunny Hill Rd,,Lawrenceville,GA,30043.0,    ,(678)407-7600,Not Virtual,09,12,High,1.0,Regular School,Currently operational ,21-Suburb: Large,Gwinnett County,13135,914.0,654.0,260.0,76.0,,,,,,,,,,,601.0,627.0,567.0,508.0,,,,1176.0,1127.0,2303.0,2303.0,133.600006103516,17.24,3.0,0.0,3.0,122.0,124.0,246.0,346.0,325.0,671.0,1.0,1.0,2.0,333.0,322.0,655.0,45.0,41.0,86.0,326.0,314.0,640.0,34.0519,-83.9515,Public,,,,,,,,,,,,,,
-83.967006,33.9010600010001,25211,130255003917.0,2022-2023,GA,1302550.0,GA-667,Gwinnett County,Couch Middle School,1777 Grayson Hwy,,Grayson,GA,30017.0,    ,(678)407-7272,Not Virtual,06,08,Middle,1.0,Regular School,Currently operational ,21-Suburb: Large,Gwinnett County,13135,535.0,411.0,124.0,49.0,,,,,,,,344.0,353.0,390.0,,,,,,,,584.0,503.0,1087.0,1087.0,65.0,16.72,0.0,0.0,0.0,56.0,49.0,105.0,281.0,257.0,538.0,2.0,1.0,3.0,128.0,103.0,231.0,27.0,26.0,53.0,90.0,67.0,157.0,33.90106,-83.967006,Public,,,,,,,,,,,,,,
-84.066336,34.1461620010001,25212,130255003943.0,2022-2023,GA,1302550.0,GA-667,Gwinnett County,White Oak Elementary School,6442 Suwanee Dam Rd,,Sugar Hill,GA,30518.0,    ,(678)546-5550,Not Virtual,KG,05,Elementary,1.0,Regular School,Currently operational ,21-Suburb: Large,Gwinnett County,13135,155.0,118.0,37.0,23.0,,111.0,106.0,117.0,104.0,127.0,107.0,,,,,,,,,,,355.0,317.0,672.0,672.0,49.5999984741211,13.55,0.0,0.0,0.0,30.0,25.0,55.0,58.0,58.0,116.0,0.0,0.0,0.0,70.0,58.0,128.0,21.0,17.0,38.0,176.0,159.0,335.0,34.146162,-84.066336,Public,,,,,,,,,,,,,,
-84.0613999999999,34.0790000000001,25213,130255003945.0,2022-2023,GA,1302550.0,GA-667,Gwinnett County,North Gwinnett Middle School,170 Peachtree Industrial Blvd,,Sugar Hill,GA,30518.0,    ,(678)745-2300,Not Virtual,06,08,Middle,1.0,Regular School,Currently operational ,21-Suburb: Large,Gwinnett County,13135,316.0,228.0,88.0,18.0,,,,,,,,743.0,695.0,730.0,,,,,,,,1103.0,1065.0,2168.0,2168.0,130.800003051758,16.57,2.0,0.0,2.0,389.0,382.0,771.0,144.0,135.0,279.0,0.0,1.0,1.0,100.0,81.0,181.0,62.0,77.0,139.0,406.0,389.0,795.0,34.079,-84.0614,Public,,,,,,,,,,,,,,
-84.051091,34.072591,25214,130255003965.0,2022-2023,GA,1302550.0,GA-667,Gwinnett County,Roberts Elementary School,251 Highway 23 NE,,Suwanee,GA,30024.0,    ,(678)745-2370,Not Virtual,PK,05,Elementary,1.0,Regular School,Currently operational ,21-Suburb: Large,Gwinnett County,13135,151.0,104.0,47.0,14.0,30.0,132.0,112.0,159.0,178.0,201.0,184.0,,,,,,,,,,,516.0,480.0,996.0,996.0,58.0,17.17,0.0,0.0,0.0,227.0,200.0,427.0,78.0,62.0,140.0,1.0,2.0,3.0,40.0,40.0,80.0,27.0,32.0,59.0,143.0,144.0,287.0,34.072591,-84.051091,Public,,,,,,,,,,,,,,
-84.062199999,34.0316,25215,130255003979.0,2022-2023,GA,1302550.0,GA-667,Gwinnett County,Burnette Elementary School,3221 McGinnis Ferry Road,,Suwanee,GA,30024.0,    ,(678)546-2170,Not Virtual,PK,05,Elementary,1.0,Regular School,Currently operational ,21-Suburb: Large,Gwinnett County,13135,251.0,187.0,64.0,20.0,7.0,107.0,107.0,130.0,115.0,132.0,123.0,,,,,,,,,,,356.0,365.0,721.0,721.0,51.5,14.0,1.0,3.0,4.0,87.0,79.0,166.0,109.0,118.0,227.0,0.0,0.0,0.0,57.0,67.0,124.0,24.0,34.0,58.0,78.0,64.0,142.0,34.0316,-84.0622,Public,,,,,,,,,,,,,,
-84.121763,33.9508250000001,25216,130255003989.0,2022-2023,GA,1302550.0,GA-667,Gwinnett County,Ferguson Elementary School,1755 Centerview Dr,,Duluth,GA,30096.0,    ,(678)245-5450,Not Virtual,PK,05,Elementary,1.0,Regular School,Currently operational ,21-Suburb: Large,Gwinnett County,13135,655.0,557.0,98.0,69.0,18.0,134.0,138.0,130.0,138.0,125.0,136.0,,,,,,,,,,,420.0,399.0,819.0,819.0,66.9000015258789,12.24,1.0,1.0,2.0,18.0,24.0,42.0,141.0,111.0,252.0,2.0,0.0,2.0,224.0,237.0,461.0,12.0,12.0,24.0,22.0,14.0,36.0,33.950825,-84.121763,Public,,,,,,,,,,,,,,
-84.170711,34.01329,25217,130255003991.0,2022-2023,GA,1302550.0,GA-667,Gwinnett County,New Life Academy of Excellence,4725 River Green Pkwy,,Duluth,GA,30096.0,    ,(678)720-9870,Not Virtual,KG,08,Elementary,1.0,Regular School,Currently operational ,21-Suburb: Large,Gwinnett County,13135,286.0,232.0,54.0,29.0,,86.0,78.0,85.0,88.0,87.0,48.0,38.0,31.0,25.0,,,,,,,,264.0,302.0,566.0,566.0,31.0,18.26,1.0,0.0,1.0,4.0,8.0,12.0,171.0,194.0,365.0,1.0,0.0,1.0,68.0,73.0,141.0,9.0,17.0,26.0,10.0,10.0,20.0,34.01329,-84.170711,Charter,,,,,,,,,,,,,,
-83.9440999999999,33.8418999990001,25218,130255003993.0,2022-2023,GA,1302550.0,GA-667,Gwinnett County,Grace Snell Middle School,3800 Brushy Fork Rd,,Loganville,GA,30052.0,    ,(770)554-7750,Not Virtual,06,08,Middle,1.0,Regular School,Currently operational ,21-Suburb: Large,Gwinnett County,13135,912.0,741.0,171.0,108.0,,,,,,,,439.0,417.0,412.0,,,,,,,,667.0,601.0,1268.0,1268.0,81.0999984741211,15.64,3.0,4.0,7.0,11.0,9.0,20.0,462.0,423.0,885.0,1.0,1.0,2.0,128.0,107.0,235.0,27.0,21.0,48.0,35.0,36.0,71.0,33.8419,-83.9441,Public,,,,,,,,,,,,,,
-84.0322,34.0860000000001,25219,130255003998.0,2022-2023,GA,1302550.0,GA-667,Gwinnett County,Lanier High School,918 Buford Hwy,,Sugar Hill,GA,30518.0,    ,(678)765-4040,Not Virtual,09,12,High,1.0,Regular School,Currently operational ,21-Suburb: Large,Gwinnett County,13135,690.0,493.0,197.0,50.0,,,,,,,,,,,495.0,477.0,458.0,423.0,,,,981.0,872.0,1853.0,1853.0,117.400001525879,15.78,4.0,0.0,4.0,93.0,72.0,165.0,192.0,185.0,377.0,2.0,1.0,3.0,266.0,258.0,524.0,42.0,40.0,82.0,382.0,316.0,698.0,34.086,-84.0322,Public,,,,,,,,,,,,,,
-84.0501,33.775499999,25220,130255004003.0,2022-2023,GA,1302550.0,GA-667,Gwinnett County,Anderson-Livsey Elementary School,4521 Centerville Hwy,,Snellville,GA,30039.0,    ,(678)344-2082,Not Virtual,PK,05,Elementary,1.0,Regular School,Currently operational ,21-Suburb: Large,Gwinnett County,13135,516.0,456.0,60.0,82.0,42.0,83.0,101.0,111.0,103.0,104.0,104.0,,,,,,,,,,,326.0,322.0,648.0,648.0,47.0,13.79,0.0,1.0,1.0,4.0,4.0,8.0,201.0,203.0,404.0,2.0,0.0,2.0,88.0,92.0,180.0,22.0,12.0,34.0,9.0,10.0,19.0,33.7755,-84.0501,Public,,,,,,,,,,,,,,
-83.9667689999999,33.9600830000001,25221,130255004004.0,2022-2023,GA,1302550.0,GA-667,Gwinnett County,Jenkins Elementary School,12 Village Way,,Lawrenceville,GA,30046.0,    ,(678)407-8900,Not Virtual,PK,05,Elementary,1.0,Regular School,Currently operational ,21-Suburb: Large,Gwinnett County,13135,627.0,549.0,78.0,120.0,4.0,117.0,126.0,127.0,136.0,124.0,120.0,,,,,,,,,,,379.0,375.0,754.0,754.0,53.5,14.09,0.0,0.0,0.0,13.0,6.0,19.0,180.0,195.0,375.0,0.0,0.0,0.0,154.0,136.0,290.0,10.0,16.0,26.0,22.0,22.0,44.0,33.960083,-83.966769,Public,,,,,,,,,,,,,,
-84.0214999999999,33.9395000000001,25222,130255004026.0,2022-2023,GA,1302550.0,GA-667,Gwinnett County,Moore Middle School,1221 Lawrenceville Hwy,,Lawrenceville,GA,30046.0,    ,(678)226-7100,Not Virtual,06,08,Middle,1.0,Regular School,Currently operational ,21-Suburb: Large,Gwinnett County,13135,705.0,591.0,114.0,66.0,,,,,,,,313.0,259.0,336.0,,,,,,,,496.0,412.0,908.0,908.0,66.5,13.65,3.0,0.0,3.0,26.0,19.0,45.0,194.0,144.0,338.0,0.0,0.0,0.0,198.0,203.0,401.0,18.0,14.0,32.0,57.0,32.0,89.0,33.9395,-84.0215,Public,,,,,,,,,,,,,,
-83.9717699999999,33.984154,25223,130255004057.0,2022-2023,GA,1302550.0,GA-667,Gwinnett County,Gwinnett Online Campus,713 Hi Hope Rd,,Lawrenceville,GA,30043.0,    ,(770)326-8082,Full Virtual,KG,12,Other,1.0,Regular School,Currently operational ,21-Suburb: Large,Gwinnett County,13135,512.0,419.0,93.0,115.0,,54.0,55.0,72.0,95.0,98.0,107.0,144.0,208.0,255.0,269.0,269.0,296.0,330.0,,,,1036.0,1216.0,2252.0,2252.0,145.399993896484,15.49,1.0,1.0,2.0,78.0,82.0,160.0,422.0,484.0,906.0,2.0,3.0,5.0,233.0,306.0,539.0,59.0,56.0,115.0,241.0,284.0,525.0,33.984154,-83.97177,Public,,,,,,,,,,,,,,
-84.068731,34.0067300000001,25224,130255004149.0,2022-2023,GA,1302550.0,GA-667,Gwinnett County,Northbrook Middle School,1221 Northbrook Pkwy,,Suwanee,GA,30024.0,    ,(678)407-7140,Not Virtual,06,08,Middle,1.0,Regular School,Currently operational ,21-Suburb: Large,Gwinnett County,13135,544.0,408.0,136.0,62.0,,,,,,,,288.0,277.0,356.0,,,,,,,,431.0,490.0,921.0,921.0,55.0999984741211,16.72,2.0,0.0,2.0,81.0,77.0,158.0,132.0,140.0,272.0,0.0,0.0,0.0,159.0,190.0,349.0,16.0,22.0,38.0,41.0,61.0,102.0,34.00673,-84.068731,Public,,,,,,,,,,,,,,
-84.2366739999999,33.963282,25225,130255004169.0,2022-2023,GA,1302550.0,GA-667,Gwinnett County,North Metro Academy of Performing Arts,5995 Crooked Creek Road,,Peachtree Corners,GA,30092.0,    ,(770)903-3400,Not Virtual,KG,05,Elementary,1.0,Regular School,Currently operational ,21-Suburb: Large,Gwinnett County,13135,178.0,144.0,34.0,30.0,,33.0,44.0,41.0,49.0,38.0,35.0,,,,,,,,,,,113.0,127.0,240.0,240.0,19.5,12.31,0.0,0.0,0.0,0.0,0.0,0.0,97.0,108.0,205.0,0.0,0.0,0.0,7.0,9.0,16.0,5.0,5.0,10.0,4.0,5.0,9.0,33.963282,-84.236674,Public,,,,,,,,,,,,,,
-84.066289001,33.949107,25226,130255004181.0,2022-2023,GA,1302550.0,GA-667,Gwinnett County,Baggett Elementary School,2136 Old Norcross Rd,,Lawrenceville,GA,30044.0,    ,(678)301-6100,Not Virtual,PK,05,Elementary,1.0,Regular School,Currently operational ,21-Suburb: Large,Gwinnett County,13135,860.0,686.0,174.0,52.0,32.0,144.0,182.0,165.0,169.0,158.0,170.0,,,,,,,,,,,525.0,495.0,1020.0,1020.0,83.0,12.29,1.0,0.0,1.0,39.0,27.0,66.0,160.0,142.0,302.0,0.0,2.0,2.0,286.0,281.0,567.0,10.0,22.0,32.0,29.0,21.0,50.0,33.949107,-84.066289,Public,,,,,,,,,,,,,,
-83.969502,33.961894,25227,130255004184.0,2022-2023,GA,1302550.0,GA-667,Gwinnett County,Jordan Middle School,8 Village Way,,Lawrenceville,GA,30046.0,    ,(770)822-6500,Not Virtual,06,08,Middle,1.0,Regular School,Currently operational ,21-Suburb: Large,Gwinnett County,13135,683.0,586.0,97.0,60.0,,,,,,,,255.0,261.0,279.0,,,,,,,,417.0,378.0,795.0,795.0,60.0,13.25,2.0,0.0,2.0,12.0,9.0,21.0,182.0,176.0,358.0,0.0,0.0,0.0,181.0,151.0,332.0,10.0,10.0,20.0,30.0,32.0,62.0,33.961894,-83.969502,Public,,,,,,,,,,,,,,
-84.223221001,33.9016900010001,25228,130255004210.0,2022-2023,GA,1302550.0,GA-667,Gwinnett County,Graves Elementary School,1700 Graves Rd,,Norcross,GA,30093.0,    ,(770)326-8000,Not Virtual,PK,05,Elementary,1.0,Regular School,Currently operational ,21-Suburb: Large,Gwinnett County,13135,940.0,859.0,81.0,110.0,16.0,172.0,179.0,175.0,167.0,176.0,186.0,,,,,,,,,,,550.0,521.0,1071.0,1071.0,80.5,13.3,0.0,0.0,0.0,14.0,5.0,19.0,80.0,71.0,151.0,0.0,0.0,0.0,436.0,432.0,868.0,14.0,9.0,23.0,6.0,4.0,10.0,33.90169,-84.223221,Public,,,,,,,,,,,,,,
-84.034353999,33.9553049990001,25229,130255004212.0,2022-2023,GA,1302550.0,GA-667,Gwinnett County,Discovery High School,1335 Old Norcross Rd,,Lawrenceville,GA,30046.0,    ,(678)226-4250,Not Virtual,09,12,High,1.0,Regular School,Currently operational ,21-Suburb: Large,Gwinnett County,13135,2035.0,1612.0,423.0,117.0,,,,,,,,,,,718.0,720.0,672.0,693.0,,,,1413.0,1390.0,2803.0,2803.0,169.899993896484,16.5,1.0,2.0,3.0,103.0,126.0,229.0,413.0,467.0,880.0,3.0,2.0,5.0,796.0,711.0,1507.0,29.0,23.0,52.0,68.0,59.0,127.0,33.955305,-84.034354,Public,,,,,,,,,,,,,,
-84.142840999,34.0044500000001,25230,130255004234.0,2022-2023,GA,1302550.0,GA-667,Gwinnett County,Coleman Middle School,3057 Main St,,Duluth,GA,30096.0,    ,(678)407-4700,Not Virtual,06,08,Middle,1.0,Regular School,Currently operational ,21-Suburb: Large,Gwinnett County,13135,340.0,241.0,99.0,22.0,,,,,,,,266.0,272.0,272.0,,,,,,,,419.0,391.0,810.0,810.0,53.0,15.28,3.0,1.0,4.0,67.0,61.0,128.0,142.0,149.0,291.0,1.0,0.0,1.0,92.0,89.0,181.0,24.0,25.0,49.0,90.0,66.0,156.0,34.00445,-84.142841,Public,,,,,,,,,,,,,,
-84.204352,33.9388510000001,25231,130255004251.0,2022-2023,GA,1302550.0,GA-667,Gwinnett County,Baldwin Elementary,123 Price Pl,,Norcross,GA,30071.0,    ,(678)225-5500,Not Virtual,PK,05,Elementary,1.0,Regular School,Currently operational ,21-Suburb: Large,Gwinnett County,13135,760.0,673.0,87.0,89.0,1.0,161.0,158.0,166.0,134.0,144.0,153.0,,,,,,,,,,,472.0,445.0,917.0,917.0,66.9000015258789,13.71,0.0,1.0,1.0,13.0,18.0,31.0,39.0,37.0,76.0,0.0,0.0,0.0,397.0,375.0,772.0,5.0,7.0,12.0,18.0,7.0,25.0,33.938851,-84.204352,Public,,,,,,,,,,,,,,
-84.0043239999999,33.963667,25232,130255004257.0,2022-2023,GA,1302550.0,GA-667,Gwinnett County,International Transition Center,1335 Old Norcross Rd,,Lawrenceville,GA,30046.0,    ,(770)316-8944,Not Virtual,08,11,Secondary,1.0,Regular School,Currently operational ,21-Suburb: Large,Gwinnett County,13135,559.0,475.0,84.0,18.0,,,,,,,,,,112.0,192.0,133.0,201.0,,,,,377.0,261.0,638.0,638.0,45.0,14.18,0.0,0.0,0.0,3.0,5.0,8.0,4.0,2.0,6.0,0.0,0.0,0.0,368.0,253.0,621.0,0.0,0.0,0.0,2.0,1.0,3.0,33.963667,-84.004324,Public,,,,,,,,,,,,,,
-84.223131,33.95221,25233,130255004313.0,2022-2023,GA,1302550.0,GA-667,Gwinnett County,Paul Duke STEM High School,5850 Peachtree Industrial Blvd,,Norcross,GA,30071.0,    ,(470)323-3600,Not Virtual,09,12,High,1.0,Regular School,Currently operational ,21-Suburb: Large,Gwinnett County,13135,695.0,541.0,154.0,51.0,,,,,,,,,,,335.0,322.0,314.0,251.0,,,,666.0,556.0,1222.0,1222.0,70.4000015258789,17.36,3.0,1.0,4.0,63.0,67.0,130.0,143.0,136.0,279.0,2.0,1.0,3.0,315.0,248.0,563.0,20.0,19.0,39.0,120.0,84.0,204.0,33.95221,-84.223131,Public,,,,,,,,,,,,,,
-84.136739999,33.943411,25234,130255004344.0,2022-2023,GA,1302550.0,GA-667,Gwinnett County,McClure Health Science High School,3921 Club Pl,,Duluth,GA,30096.0,    ,(770)806-7900,Not Virtual,09,12,High,1.0,Regular School,Currently operational ,21-Suburb: Large,Gwinnett County,13135,994.0,828.0,166.0,65.0,,,,,,,,,,,317.0,282.0,277.0,270.0,,,,443.0,703.0,1146.0,1146.0,69.8000030517578,16.42,1.0,0.0,1.0,43.0,65.0,108.0,69.0,112.0,181.0,0.0,1.0,1.0,316.0,489.0,805.0,6.0,12.0,18.0,8.0,24.0,32.0,33.943411,-84.13674,Public,,,,,,,,,,,,,,
-83.911771,34.0789350000001,25235,130255004425.0,2022-2023,GA,1302550.0,GA-667,Gwinnett County,Seckinger High School,3655 Sardis Church Road,,Buford,GA,30519.0,    ,(678)288-0800,Not Virtual,09,12,High,3.0,Regular School,New school,21-Suburb: Large,Gwinnett County,13135,554.0,417.0,137.0,55.0,,,,,,,,,,,612.0,478.0,337.0,211.0,,,,855.0,783.0,1638.0,1638.0,79.1999969482422,20.68,2.0,1.0,3.0,155.0,145.0,300.0,237.0,221.0,458.0,1.0,0.0,1.0,185.0,180.0,365.0,35.0,33.0,68.0,240.0,203.0,443.0,34.078935,-83.911771,Public,,,,,,,,,,,,,,
-84.1703848509999,33.919789521,1244,,,,,,Gwinnett County,GREATER ATLANTA CHRISTIAN SCHOOL,,,NORCROSS,GA,,,,,,,,,,,,,135,,,,,,,,,,,,,,,,,,,,,,,,,,,,,,,,,,,,,,,,,,,,,,,,,33.919796,-84.170389,Private,00297168,1575 INDIAN TRL LILBURN RD,30093.0,13.0,21.0,12060.0,"Atlanta-Sandy Springs-Roswell, GA",1.0,122.0,"Atlanta--Athens-Clarke County--Sandy Springs, GA-AL",1307.0,13098.0,13005.0,2023-2024
-84.1140468689999,33.887983526,1259,,,,,,Gwinnett County,KILLIAN HILL CHRISTIAN SCHOOL,,,LILBURN,GA,,,,,,,,,,,,,135,,,,,,,,,,,,,,,,,,,,,,,,,,,,,,,,,,,,,,,,,,,,,,,,,33.88799,-84.114051,Private,00297805,151 ARCADO RD SW,30047.0,13.0,21.0,12060.0,"Atlanta-Sandy Springs-Roswell, GA",1.0,122.0,"Atlanta--Athens-Clarke County--Sandy Springs, GA-AL",1307.0,13108.0,13009.0,2023-2024
-84.1326618579999,33.9878585050001,1277,,,,,,Gwinnett County,DULUTH ADVENTIST CHRISTIAN SCHOOL,,,DULUTH,GA,,,,,,,,,,,,,135,,,,,,,,,,,,,,,,,,,,,,,,,,,,,,,,,,,,,,,,,,,,,,,,,33.987865,-84.132666,Private,00299416,2959 DULUTH HWY 120,30096.0,13.0,21.0,12060.0,"Atlanta-Sandy Springs-Roswell, GA",1.0,122.0,"Atlanta--Athens-Clarke County--Sandy Springs, GA-AL",1307.0,13097.0,13007.0,2023-2024
-83.9868569079999,33.857963527,7360,,,,,,Gwinnett County,HARBOUR OAKS MONTESSORI SCHOOL,,,GRAYSON,GA,,,,,,,,,,,,,135,,,,,,,,,,,,,,,,,,,,,,,,,,,,,,,,,,,,,,,,,,,,,,,,,33.85797,-83.986861,Private,A0102896,1741 ATHENS HWY,30017.0,13.0,21.0,12060.0,"Atlanta-Sandy Springs-Roswell, GA",1.0,122.0,"Atlanta--Athens-Clarke County--Sandy Springs, GA-AL",1307.0,13106.0,13055.0,2023-2024
-84.226714831,33.9770105110001,7370,,,,,,Gwinnett County,CORNERSTONE CHRISTIAN ACADEMY,,,PEACHTREE CORNERS,GA,,,,,,,,,,,,,135,,,,,,,,,,,,,,,,,,,,,,,,,,,,,,,,,,,,,,,,,,,,,,,,,33.977017,-84.226719,Private,A0102930,5295 TRIANGLE PKWY,30092.0,13.0,21.0,12060.0,"Atlanta-Sandy Springs-Roswell, GA",1.0,122.0,"Atlanta--Athens-Clarke County--Sandy Springs, GA-AL",1307.0,13097.0,13040.0,2023-2024
-84.020906885,34.099573477,7944,,,,,,Gwinnett County,SUGAR HILL CHRISTIAN ACADEMY,,,SUGAR HILL,GA,,,,,,,,,,,,,135,,,,,,,,,,,,,,,,,,,,,,,,,,,,,,,,,,,,,,,,,,,,,,,,,34.09958,-84.020911,Private,A0301272,4600 NELSON BROGDON BLVD,30518.0,13.0,21.0,12060.0,"Atlanta-Sandy Springs-Roswell, GA",1.0,122.0,"Atlanta--Athens-Clarke County--Sandy Springs, GA-AL",1309.0,13103.0,13045.0,2023-2024
-84.216578835,33.9713505120001,7949,,,,,,Gwinnett County,WESLEYAN SCHOOL,,,PEACHTREE CORNERS,GA,,,,,,,,,,,,,135,,,,,,,,,,,,,,,,,,,,,,,,,,,,,,,,,,,,,,,,,,,,,,,,,33.971357,-84.216583,Private,A0301285,5405 SPALDING DR,30092.0,13.0,21.0,12060.0,"Atlanta-Sandy Springs-Roswell, GA",1.0,122.0,"Atlanta--Athens-Clarke County--Sandy Springs, GA-AL",1307.0,13097.0,13007.0,2023-2024
-84.069706884,33.8440135340001,8517,,,,,,Gwinnett County,CALVARY CHAPEL CHRISTIAN SCHOOL,,,LILBURN,GA,,,,,,,,,,,,,135,,,,,,,,,,,,,,,,,,,,,,,,,,,,,,,,,,,,,,,,,,,,,,,,,33.84402,-84.069711,Private,A0501403,1969 MCDANIELS BRIDGE RD SW,30047.0,13.0,21.0,12060.0,"Atlanta-Sandy Springs-Roswell, GA",1.0,122.0,"Atlanta--Athens-Clarke County--Sandy Springs, GA-AL",1307.0,13108.0,13009.0,2023-2024
-83.9830869039999,33.953123507,9047,,,,,,Gwinnett County,GERARD PREPATORY SCHOOL,,,LAWRENCEVILLE,GA,,,,,,,,,,,,,135,,,,,,,,,,,,,,,,,,,,,,,,,,,,,,,,,,,,,,,,,,,,,,,,,33.95313,-83.983091,Private,A0700693,263 JACKSON ST,30046.0,13.0,21.0,12060.0,"Atlanta-Sandy Springs-Roswell, GA",1.0,122.0,"Atlanta--Athens-Clarke County--Sandy Springs, GA-AL",1307.0,13102.0,13005.0,2023-2024
-84.174366844,34.0154835010001,9055,,,,,,Gwinnett County,NOTRE DAME ACADEMY,,,DULUTH,GA,,,,,,,,,,,,,135,,,,,,,,,,,,,,,,,,,,,,,,,,,,,,,,,,,,,,,,,,,,,,,,,34.01549,-84.174371,Private,A0700754,4635 RIVER GREEN PKWY,30096.0,13.0,21.0,12060.0,"Atlanta-Sandy Springs-Roswell, GA",1.0,122.0,"Atlanta--Athens-Clarke County--Sandy Springs, GA-AL",1307.0,13097.0,13007.0,2023-2024
-83.982086905,33.9309235110001,9062,,,,,,Gwinnett County,SPECIAL NEEDS SCHOOL OF GWINNETT,,,LAWRENCEVILLE,GA,,,,,,,,,,,,,135,,,,,,,,,,,,,,,,,,,,,,,,,,,,,,,,,,,,,,,,,,,,,,,,,33.93093,-83.982091,Private,A0700770,660 DAVIS RD,30046.0,13.0,21.0,12060.0,"Atlanta-Sandy Springs-Roswell, GA",1.0,122.0,"Atlanta--Athens-Clarke County--Sandy Springs, GA-AL",1307.0,13102.0,13009.0,2023-2024
-84.1005168679999,33.9792135060001,9063,,,,,,Gwinnett County,SUGARLOAF MONTESSORI SCHOOL,,,DULUTH,GA,,,,,,,,,,,,,135,,,,,,,,,,,,,,,,,,,,,,,,,,,,,,,,,,,,,,,,,,,,,,,,,33.97922,-84.100521,Private,A0700773,2270 MEADOW CHURCH RD,30097.0,13.0,21.0,12060.0,"Atlanta-Sandy Springs-Roswell, GA",1.0,122.0,"Atlanta--Athens-Clarke County--Sandy Springs, GA-AL",1307.0,13099.0,13007.0,2023-2024
-83.963996906,34.0090234940001,9393,,,,,,Gwinnett County,HOPE SPRINGS CHRISTIAN LEARNING CENTER,,,LAWRENCEVILLE,GA,,,,,,,,,,,,,135,,,,,,,,,,,,,,,,,,,,,,,,,,,,,,,,,,,,,,,,,,,,,,,,,34.00903,-83.964001,Private,A0740162,1239 BRASELTON HWY,30043.0,13.0,21.0,12060.0,"Atlanta-Sandy Springs-Roswell, GA",1.0,122.0,"Atlanta--Athens-Clarke County--Sandy Springs, GA-AL",1309.0,13105.0,13045.0,2023-2024
-84.100759868,33.981258505,10092,,,,,,Gwinnett County,CREME DE LA CREME,,,DULUTH,GA,,,,,,,,,,,,,135,,,,,,,,,,,,,,,,,,,,,,,,,,,,,,,,,,,,,,,,,,,,,,,,,33.981265,-84.100764,Private,A0970785,2349 MEADOW CHURCH RD,30097.0,13.0,21.0,12060.0,"Atlanta-Sandy Springs-Roswell, GA",1.0,122.0,"Atlanta--Athens-Clarke County--Sandy Springs, GA-AL",1307.0,13099.0,13007.0,2023-2024
-84.0589968739999,34.080233483,10098,,,,,,Gwinnett County,THE GODDARD SCHOOL,,,SUGAR HILL,GA,,,,,,,,,,,,,135,,,,,,,,,,,,,,,,,,,,,,,,,,,,,,,,,,,,,,,,,,,,,,,,,34.08024,-84.059001,Private,A0970982,210 PEACHTREE INDUSTRIAL BLVD,30518.0,13.0,21.0,12060.0,"Atlanta-Sandy Springs-Roswell, GA",1.0,122.0,"Atlanta--Athens-Clarke County--Sandy Springs, GA-AL",1309.0,13099.0,13048.0,2023-2024
-83.912166919,34.035543487,10296,,,,,,Gwinnett County,OAK HILL CLASSICAL SCHOOL,,,DACULA,GA,,,,,,,,,,,,,135,,,,,,,,,,,,,,,,,,,,,,,,,,,,,,,,,,,,,,,,,,,,,,,,,34.03555,-83.912171,Private,A1100821,2955 OLD FOUNTAIN RD,30019.0,13.0,21.0,12060.0,"Atlanta-Sandy Springs-Roswell, GA",1.0,122.0,"Atlanta--Athens-Clarke County--Sandy Springs, GA-AL",1309.0,13105.0,13045.0,2023-2024
-83.9946068949999,34.0425294880001,10698,,,,,,Gwinnett County,SAGE SCHOOL,,,LAWRENCEVILLE,GA,,,,,,,,,,,,,135,,,,,,,,,,,,,,,,,,,,,,,,,,,,,,,,,,,,,,,,,,,,,,,,,34.042536,-83.994611,Private,A1190045,2435 TECH CENTER PKWY,30043.0,13.0,21.0,12060.0,"Atlanta-Sandy Springs-Roswell, GA",1.0,122.0,"Atlanta--Athens-Clarke County--Sandy Springs, GA-AL",1309.0,13103.0,13007.0,2023-2024
-84.1547918539999,33.938256516,10840,,,,,,Gwinnett County,AL FALAH ACADEMY,,,NORCROSS,GA,,,,,,,,,,,,,135,,,,,,,,,,,,,,,,,,,,,,,,,,,,,,,,,,,,,,,,,,,,,,,,,33.938263,-84.154796,Private,A1300983,1835 SHACKLEFORD CT,30093.0,13.0,21.0,12060.0,"Atlanta-Sandy Springs-Roswell, GA",1.0,122.0,"Atlanta--Athens-Clarke County--Sandy Springs, GA-AL",1307.0,13109.0,13005.0,2023-2024
-84.04578689,33.8719135270001,10854,,,,,,Gwinnett County,ST MATTHEW'S PRESCHOOL & KINDERGARTEN,,,SNELLVILLE,GA,,,,,,,,,,,,,135,,,,,,,,,,,,,,,,,,,,,,,,,,,,,,,,,,,,,,,,,,,,,,,,,33.87192,-84.045791,Private,A1301166,1520 OAK RD,30078.0,13.0,21.0,12060.0,"Atlanta-Sandy Springs-Roswell, GA",1.0,122.0,"Atlanta--Athens-Clarke County--Sandy Springs, GA-AL",1307.0,13106.0,13009.0,2023-2024
-84.014672898,33.8852395230001,11765,,,,,,Gwinnett County,THE GODDARD SCHOOL - SNELLVILLE,,,SNELLVILLE,GA,,,,,,,,,,,,,135,,,,,,,,,,,,,,,,,,,,,,,,,,,,,,,,,,,,,,,,,,,,,,,,,33.885246,-84.014677,Private,A1501460,1565 JANMAR RD,30078.0,13.0,21.0,12060.0,"Atlanta-Sandy Springs-Roswell, GA",1.0,122.0,"Atlanta--Athens-Clarke County--Sandy Springs, GA-AL",1307.0,13106.0,13009.0,2023-2024
-83.9902399009999,33.9523315070001,11769,,,,,,Gwinnett County,CHOICE EDUCATIONAL ACADEMY,,,LAWRENCEVILLE,GA,,,,,,,,,,,,,135,,,,,,,,,,,,,,,,,,,,,,,,,,,,,,,,,,,,,,,,,,,,,,,,,33.952338,-83.990244,Private,A1501474,271 S CULVER ST,30046.0,13.0,21.0,12060.0,"Atlanta-Sandy Springs-Roswell, GA",1.0,122.0,"Atlanta--Athens-Clarke County--Sandy Springs, GA-AL",1307.0,13102.0,13009.0,2023-2024
-84.1326618579999,33.9878585050001,12562,,,,,,Gwinnett County,ATLANTA ADVENTIST ACADEMY,,,DULUTH,GA,,,,,,,,,,,,,135,,,,,,,,,,,,,,,,,,,,,,,,,,,,,,,,,,,,,,,,,,,,,,,,,33.987865,-84.132666,Private,A1701301,2959 DULUTH HWY 120,30096.0,13.0,21.0,12060.0,"Atlanta-Sandy Springs-Roswell, GA",1.0,122.0,"Atlanta--Athens-Clarke County--Sandy Springs, GA-AL",1307.0,13097.0,13007.0,2023-2024
-83.9132879209999,34.0075684930001,12569,,,,,,Gwinnett County,HEBRON CHRISTIAN ACADEMY,,,DACULA,GA,,,,,,,,,,,,,135,,,,,,,,,,,,,,,,,,,,,,,,,,,,,,,,,,,,,,,,,,,,,,,,,34.007575,-83.913292,Private,A1701330,775 DACULA RD,30019.0,13.0,21.0,12060.0,"Atlanta-Sandy Springs-Roswell, GA",1.0,122.0,"Atlanta--Athens-Clarke County--Sandy Springs, GA-AL",1307.0,13105.0,13045.0,2023-2024
-84.08263687,34.0371034930001,13127,,,,,,Gwinnett County,A.A.I.M.S. MONTESSORI SCHOOL,,,SUWANEE,GA,,,,,,,,,,,,,135,,,,,,,,,,,,,,,,,,,,,,,,,,,,,,,,,,,,,,,,,,,,,,,,,34.03711,-84.082641,Private,A1770721,3665 SWIFTWATER PARK DR BLDG 1A,30024.0,13.0,21.0,12060.0,"Atlanta-Sandy Springs-Roswell, GA",1.0,122.0,"Atlanta--Athens-Clarke County--Sandy Springs, GA-AL",1309.0,13099.0,13007.0,2023-2024
-84.082286875,33.9440035120001,13132,,,,,,Gwinnett County,HERRINGTON ACADEMY,,,LAWRENCEVILLE,GA,,,,,,,,,,,,,135,,,,,,,,,,,,,,,,,,,,,,,,,,,,,,,,,,,,,,,,,,,,,,,,,33.94401,-84.082291,Private,A1770806,1101 HERRINGTON RD,30044.0,13.0,21.0,12060.0,"Atlanta-Sandy Springs-Roswell, GA",1.0,122.0,"Atlanta--Athens-Clarke County--Sandy Springs, GA-AL",1307.0,13107.0,13005.0,2023-2024
-84.062416884,33.886523524,13134,,,,,,Gwinnett County,PRIMROSE SCHOOL OF FIVE FORKS,,,LAWRENCEVILLE,GA,,,,,,,,,,,,,135,,,,,,,,,,,,,,,,,,,,,,,,,,,,,,,,,,,,,,,,,,,,,,,,,33.88653,-84.062421,Private,A1770922,3030 RIVER DR,30044.0,13.0,21.0,12060.0,"Atlanta-Sandy Springs-Roswell, GA",1.0,122.0,"Atlanta--Athens-Clarke County--Sandy Springs, GA-AL",1307.0,13108.0,13009.0,2023-2024
-84.193450845,33.9146375230001,13140,,,,,,Gwinnett County,STILL WATERS INTERNATIONAL ACADEMY,,,NORCROSS,GA,,,,,,,,,,,,,135,,,,,,,,,,,,,,,,,,,,,,,,,,,,,,,,,,,,,,,,,,,,,,,,,33.914644,-84.193455,Private,A1770951,1560 OAKBROOK DR,30093.0,13.0,21.0,12060.0,"Atlanta-Sandy Springs-Roswell, GA",1.0,122.0,"Atlanta--Athens-Clarke County--Sandy Springs, GA-AL",1307.0,13098.0,13005.0,2023-2024
-84.193026843,33.949417516,13209,,,,,,Gwinnett County,AUTHENTIC INTERNATIONAL ACADEMY,,,NORCROSS,GA,,,,,,,,,,,,,135,,,,,,,,,,,,,,,,,,,,,,,,,,,,,,,,,,,,,,,,,,,,,,,,,33.949424,-84.193031,Private,A1790193,5166 OLD NORCROSS RD,30071.0,13.0,21.0,12060.0,"Atlanta-Sandy Springs-Roswell, GA",1.0,122.0,"Atlanta--Athens-Clarke County--Sandy Springs, GA-AL",1307.0,13096.0,13005.0,2023-2024
-84.18322385,33.8726095310001,16646,,,,,,Gwinnett County,THRIVE CHRISTIAN ACADEMY,,,TUCKER,GA,,,,,,,,,,,,,135,,,,,,,,,,,,,,,,,,,,,,,,,,,,,,,,,,,,,,,,,,,,,,,,,33.872616,-84.183228,Private,A2301062,6175 LAWRENCEVILLE HWY,30084.0,13.0,21.0,12060.0,"Atlanta-Sandy Springs-Roswell, GA",1.0,122.0,"Atlanta--Athens-Clarke County--Sandy Springs, GA-AL",1307.0,13088.0,13009.0,2023-2024
-83.877097927,34.0863594750001,17525,,,,,,Gwinnett County,FOUR SEASONS MONTESSORI SCHOOL,,,BUFORD,GA,,,,,,,,,,,,,135,,,,,,,,,,,,,,,,,,,,,,,,,,,,,,,,,,,,,,,,,,,,,,,,,34.086366,-83.877102,Private,A2370643,4755 SPOUT SPRINGS RD,30519.0,13.0,21.0,12060.0,"Atlanta-Sandy Springs-Roswell, GA",1.0,122.0,"Atlanta--Athens-Clarke County--Sandy Springs, GA-AL",1309.0,13030.0,13045.0,2023-2024
-83.91327792,34.0075284930001,17526,,,,,,Gwinnett County,HEBRON CHRISTIAN ACADEMY,,,DACULA,GA,,,,,,,,,,,,,135,,,,,,,,,,,,,,,,,,,,,,,,,,,,,,,,,,,,,,,,,,,,,,,,,34.007535,-83.913282,Private,A2370645,775 DACULA RD,30019.0,13.0,21.0,12060.0,"Atlanta-Sandy Springs-Roswell, GA",1.0,122.0,"Atlanta--Athens-Clarke County--Sandy Springs, GA-AL",1307.0,13105.0,13045.0,2023-2024
-84.092329876,33.8768585280001,18153,,,,,,Gwinnett County,ST JOHN NEUMANN REGIONAL CATHOLIC SCHOOL,,,LILBURN,GA,,,,,,,,,,,,,135,,,,,,,,,,,,,,,,,,,,,,,,,,,,,,,,,,,,,,,,,,,,,,,,,33.876865,-84.092334,Private,A9102239,791 TOM SMITH RD SW,30047.0,13.0,21.0,12060.0,"Atlanta-Sandy Springs-Roswell, GA",1.0,122.0,"Atlanta--Athens-Clarke County--Sandy Springs, GA-AL",1307.0,13108.0,13009.0,2023-2024
-84.2120468379999,33.9232835220001,19351,,,,,,Gwinnett County,COVERED BRIDGE MONTESSORI SCHOOL,,,NORCROSS,GA,,,,,,,,,,,,,135,,,,,,,,,,,,,,,,,,,,,,,,,,,,,,,,,,,,,,,,,,,,,,,,,33.92329,-84.212051,Private,A9501448,2175 N NORCROSS TUCKER RD,30071.0,13.0,21.0,12060.0,"Atlanta-Sandy Springs-Roswell, GA",1.0,122.0,"Atlanta--Athens-Clarke County--Sandy Springs, GA-AL",1307.0,13096.0,13005.0,2023-2024
-84.012696891,34.0173134940001,19359,,,,,,Gwinnett County,OAK MEADOW MONTESSORI SCHOOL,,,LAWRENCEVILLE,GA,,,,,,,,,,,,,135,,,,,,,,,,,,,,,,,,,,,,,,,,,,,,,,,,,,,,,,,,,,,,,,,34.01732,-84.012701,Private,A9501525,2145 COLLINS HILL RD,30043.0,13.0,21.0,12060.0,"Atlanta-Sandy Springs-Roswell, GA",1.0,122.0,"Atlanta--Athens-Clarke County--Sandy Springs, GA-AL",1309.0,13103.0,13007.0,2023-2024
-84.1303138649999,33.87258653,19360,,,,,,Gwinnett County,PARKVIEW CHRISTIAN SCHOOL,,,LILBURN,GA,,,,,,,,,,,,,135,,,,,,,,,,,,,,,,,,,,,,,,,,,,,,,,,,,,,,,,,,,,,,,,,33.872593,-84.130318,Private,A9501529,4875 LIL STN MTN RD SW,30047.0,13.0,21.0,12060.0,"Atlanta-Sandy Springs-Roswell, GA",1.0,122.0,"Atlanta--Athens-Clarke County--Sandy Springs, GA-AL",1307.0,13108.0,13009.0,2023-2024
-83.9999579019999,33.9016185190001,19803,,,,,,Gwinnett County,SOLA FIDE ACADEMY,,,LAWRENCEVILLE,GA,,,,,,,,,,,,,135,,,,,,,,,,,,,,,,,,,,,,,,,,,,,,,,,,,,,,,,,,,,,,,,,33.901625,-83.999962,Private,A9701332,1307 WEBB GIN HOUSE RD,30045.0,13.0,21.0,12060.0,"Atlanta-Sandy Springs-Roswell, GA",1.0,122.0,"Atlanta--Athens-Clarke County--Sandy Springs, GA-AL",1307.0,13102.0,13009.0,2023-2024
-84.0293768829999,34.079693482,20807,,,,,,Gwinnett County,OLD SUWANEE CHRISTIAN SCHOOL,,,BUFORD,GA,,,,,,,,,,,,,135,,,,,,,,,,,,,,,,,,,,,,,,,,,,,,,,,,,,,,,,,,,,,,,,,34.0797,-84.029381,Private,AA890272,4118 OLD SUWANEE RD,30518.0,13.0,21.0,12060.0,"Atlanta-Sandy Springs-Roswell, GA",1.0,122.0,"Atlanta--Athens-Clarke County--Sandy Springs, GA-AL",1309.0,13103.0,13045.0,2023-2024
-84.133986863,33.9009735240001,20907,,,,,,Gwinnett County,PROVIDENCE CHRISTIAN ACADEMY,,,LILBURN,GA,,,,,,,,,,,,,135,,,,,,,,,,,,,,,,,,,,,,,,,,,,,,,,,,,,,,,,,,,,,,,,,33.90098,-84.133991,Private,AB911425,4575 LAWRENCEVILLE HWY NW,30047.0,13.0,21.0,12060.0,"Atlanta-Sandy Springs-Roswell, GA",1.0,122.0,"Atlanta--Athens-Clarke County--Sandy Springs, GA-AL",1307.0,13108.0,13009.0,2023-2024
-84.18322385,33.8726095310001,21237,,,,,,Gwinnett County,THRIVE CHRISTIAN ACADEMY,,,TUCKER,GA,,,,,,,,,,,,,135,,,,,,,,,,,,,,,,,,,,,,,,,,,,,,,,,,,,,,,,,,,,,,,,,33.872616,-84.183228,Private,BB160877,6175 LAWRENCEVILLE HWY,30084.0,13.0,21.0,12060.0,"Atlanta-Sandy Springs-Roswell, GA",1.0,122.0,"Atlanta--Athens-Clarke County--Sandy Springs, GA-AL",1307.0,13088.0,13009.0,2023-2024
-84.0689068729999,34.061305487,21460,,,,,,Gwinnett County,SHADOWBROOK WEEKDAY SCHOOL,,,SUWANEE,GA,,,,,,,,,,,,,135,,,,,,,,,,,,,,,,,,,,,,,,,,,,,,,,,,,,,,,,,,,,,,,,,34.061312,-84.068911,Private,BB180888,4187 SUWANEE DAM RD,30024.0,13.0,21.0,12060.0,"Atlanta-Sandy Springs-Roswell, GA",1.0,122.0,"Atlanta--Athens-Clarke County--Sandy Springs, GA-AL",1309.0,13099.0,13045.0,2023-2024
-83.9946068949999,34.0425294880001,21787,,,,,,Gwinnett County,SAGE SCHOOL,,,LAWRENCEVILLE,GA,,,,,,,,,,,,,135,,,,,,,,,,,,,,,,,,,,,,,,,,,,,,,,,,,,,,,,,,,,,,,,,34.042536,-83.994611,Private,BB240081,2435 TECH CENTER PKWY,30043.0,13.0,21.0,12060.0,"Atlanta-Sandy Springs-Roswell, GA",1.0,122.0,"Atlanta--Athens-Clarke County--Sandy Springs, GA-AL",1309.0,13103.0,13007.0,2023-2024
-84.0818168769999,33.90615252,21856,,,,,,Gwinnett County,FRIENDSHIP FOREST ACADEMY,,,LAWRENCEVILLE,GA,,,,,,,,,,,,,135,,,,,,,,,,,,,,,,,,,,,,,,,,,,,,,,,,,,,,,,,,,,,,,,,33.906159,-84.081821,Private,BB240332,12 BETHESDA CHURCH RD,30044.0,13.0,21.0,12060.0,"Atlanta-Sandy Springs-Roswell, GA",1.0,122.0,"Atlanta--Athens-Clarke County--Sandy Springs, GA-AL",1307.0,13109.0,13009.0,2023-2024
